,domain,dt_str,0,1,2,3,4,5,6,7,8,9,10,11,12,13,14,15,16,17,18,19,20,21,22,23
0,washingtonpost.com,20190410,0,0,0,0,0,0,0,0,0,0,0,0,0,1,0,0,2,0,0,0,0,0,0,0
1,linuxidc.com,20190410,0,0,0,0,0,0,0,0,0,0,0,1,0,0,0,0,0,0,1,1,1,1,0,0
2,wired.com,20190410,0,0,0,0,0,0,0,0,0,0,0,0,0,0,0,3,0,0,0,0,0,0,0,0
3,archiveofourown.org,20190410,0,0,0,0,0,0,0,0,0,0,1,0,0,0,0,0,1,0,0,0,0,0,0,0
4,clipconverter.cc,20190410,0,0,0,0,0,0,0,0,0,0,0,0,0,0,1,0,3,0,0,0,0,0,0,1
5,newegg.com,20190410,0,0,0,0,0,0,0,0,0,0,0,0,0,0,0,1,1,0,0,0,0,0,0,0
6,udacity.com,20190410,0,0,0,0,0,0,0,0,0,0,0,0,0,0,1,0,0,0,0,0,0,0,0,0
7,juejin.im,20190410,0,0,0,0,0,0,0,0,0,0,1,0,0,0,1,1,0,0,1,0,0,1,0,0
8,secureserver.net,20190410,0,0,0,0,0,0,0,0,0,0,0,0,0,1,0,0,0,0,0,0,0,0,0,0
9,slate.com,20190410,0,0,0,0,0,0,0,0,0,0,0,0,0,0,1,0,0,0,0,0,0,0,0,0
10,java.com,20190410,0,0,0,0,0,0,0,0,0,0,0,0,0,0,0,1,0,0,0,2,0,0,0,0
11,siteadvisor.com,20190410,0,0,0,0,0,0,0,0,0,0,0,0,0,0,0,0,0,0,0,0,0,0,0,0
12,bzw315.com,20190410,0,0,0,0,0,0,0,0,0,0,0,0,0,1,0,0,0,0,0,0,0,0,0,0
13,americanexpress.com,20190410,0,0,0,0,0,0,0,0,0,0,0,0,0,0,0,0,0,0,0,14,0,0,0,0
14,rightmove.co.uk,20190410,0,0,0,0,0,0,0,0,0,0,0,0,0,3,0,0,0,2,0,0,0,0,0,0
15,dropbox.com,20190410,0,0,0,0,0,0,0,0,0,0,0,1,0,0,0,0,0,0,0,0,0,0,0,0
16,dawn.com,20190410,0,0,0,0,0,0,0,0,0,0,1,0,0,0,0,0,0,0,0,0,0,0,0,0
17,jianshu.com,20190410,0,0,0,0,0,0,0,0,0,0,0,0,0,0,1,0,0,2,0,0,0,0,0,0
18,dailymail.co.uk,20190410,0,0,0,0,0,0,0,0,0,0,0,0,0,0,0,0,0,0,0,0,0,0,1,0
19,xhamster.com,20190410,0,0,0,0,0,0,0,0,0,0,0,0,0,0,0,0,0,0,0,0,2,0,0,0
20,telegraph.co.uk,20190410,0,0,0,0,0,0,0,0,0,0,0,0,0,0,0,1,0,0,0,0,1,0,0,0
21,skype.com,20190410,0,0,0,0,0,0,0,0,0,0,0,0,0,0,0,0,0,0,2,0,0,0,0,0
22,xhamster.com,20190411,0,0,0,0,0,0,0,0,0,0,0,0,0,1,0,0,0,0,0,0,0,0,0,0
23,spiceworks.com,20190411,0,0,0,0,0,0,0,0,0,0,0,0,0,0,0,0,0,0,0,0,0,0,0,0
24,plex.tv,20190411,0,0,0,0,0,0,0,0,0,0,0,0,0,0,0,0,0,0,1,0,0,0,0,0
25,usatoday.com,20190411,0,0,0,0,0,0,0,0,0,0,0,0,1,0,0,0,0,0,0,0,0,1,0,1
26,express.co.uk,20190410,0,0,0,0,0,0,0,0,0,0,0,0,0,0,0,0,0,0,0,1,0,0,0,0
27,piriform.com,20190411,0,0,0,0,0,0,0,0,0,0,0,0,2,0,3,0,0,0,0,0,2,0,0,0
28,kooora.com,20190411,0,0,0,0,0,0,0,0,0,0,5,22,0,0,0,0,0,0,0,0,0,0,0,1
29,ibaotu.com,20190411,0,0,0,0,0,0,0,0,0,0,0,0,0,0,2,0,0,0,1,0,0,0,0,0
30,ancestry.com,20190411,0,0,0,0,0,0,0,0,0,0,0,1,0,0,0,0,0,0,0,0,0,0,0,0
31,siteadvisor.com,20190411,0,0,0,0,0,0,0,0,0,0,0,0,1,0,0,0,0,0,0,0,0,0,0,0
32,admaimai.com,20190411,0,0,0,0,0,0,0,0,0,0,0,0,0,0,0,2,0,0,0,0,0,0,0,0
33,wps.cn,20180411,0,0,0,0,0,0,0,0,0,0,0,0,0,0,1439,0,0,0,0,0,0,0,0,0
34,jd.com,20180411,0,0,0,0,0,0,0,0,0,0,0,0,0,0,94,0,0,0,0,0,0,0,0,0
35,jianguoyun.com,20180411,0,0,0,0,0,0,0,0,0,0,0,0,0,0,158,0,0,0,0,0,0,0,0,0
36,alibaba.com,20180411,0,0,0,0,0,0,0,0,0,0,0,0,0,0,547,0,0,0,0,0,0,0,0,0
37,uc.cn,20180411,0,0,0,0,0,0,0,0,0,0,0,0,0,0,85,0,0,0,0,0,0,0,0,0
38,ftchinese.com,20180411,0,0,0,0,0,0,0,0,0,0,0,0,0,0,67,0,0,0,0,0,0,0,0,0
39,sina.com.cn,20180411,0,0,0,0,0,0,0,0,0,0,0,0,0,0,296,0,0,0,0,0,0,0,0,0
40,bilibili.com,20180411,0,0,0,0,0,0,0,0,0,0,0,0,0,0,120,0,0,0,0,0,0,0,0,0
41,mob.com,20180411,0,0,0,0,0,0,0,0,0,0,0,0,0,0,78,0,0,0,0,0,0,0,0,0
42,meizu.com,20180411,0,0,0,0,0,0,0,0,0,0,0,0,0,0,95,0,0,0,0,0,0,0,0,0
43,smartisan.com,20180411,0,0,0,0,0,0,0,0,0,0,0,0,0,0,6,0,0,0,0,0,0,0,0,0
44,google.com,20180411,0,0,0,0,0,0,0,0,0,0,0,0,0,0,10,0,0,0,0,0,0,0,0,0
45,51job.com,20180411,0,0,0,0,0,0,0,0,0,0,0,0,0,0,37,0,0,0,0,0,0,0,0,0
46,msn.com,20180411,0,0,0,0,0,0,0,0,0,0,0,0,0,0,54,0,0,0,0,0,0,0,0,0
47,frdic.com,20180411,0,0,0,0,0,0,0,0,0,0,0,0,0,0,35,0,0,0,0,0,0,0,0,0
48,xiami.com,20180411,0,0,0,0,0,0,0,0,0,0,0,0,0,0,73,0,0,0,0,0,0,0,0,0
49,zhihu.com,20180411,0,0,0,0,0,0,0,0,0,0,0,0,0,0,117,0,0,0,0,0,0,0,0,0
50,1688.com,20180411,0,0,0,0,0,0,0,0,0,0,0,0,0,0,2,0,0,0,0,0,0,0,0,0
51,mafengwo.cn,20180411,0,0,0,0,0,0,0,0,0,0,0,0,0,0,19,0,0,0,0,0,0,0,0,0
52,xiaohongshu.com,20180411,0,0,0,0,0,0,0,0,0,0,0,0,0,0,143,0,0,0,0,0,0,0,0,0
53,qy.net,20180411,0,0,0,0,0,0,0,0,0,0,0,0,0,0,634,0,0,0,0,0,0,0,0,0
54,yy.com,20180411,0,0,0,0,0,0,0,0,0,0,0,0,0,0,47,0,0,0,0,0,0,0,0,0
55,godaddy.com,20180411,0,0,0,0,0,0,0,0,0,0,0,0,0,0,7,0,0,0,0,0,0,0,0,0
56,youth.cn,20180411,0,0,0,0,0,0,0,0,0,0,0,0,0,0,66,0,0,0,0,0,0,0,0,0
57,cnblogs.com,20180411,0,0,0,0,0,0,0,0,0,0,0,0,0,0,39,0,0,0,0,0,0,0,0,0
58,pptv.com,20180411,0,0,0,0,0,0,0,0,0,0,0,0,0,0,32,0,0,0,0,0,0,0,0,0
59,adidas.com,20190411,0,0,0,0,0,0,0,0,0,0,0,1,0,0,0,0,0,1,0,0,4,0,0,0
60,juejin.im,20190411,0,0,0,0,0,0,0,0,0,0,0,0,0,0,0,0,0,0,0,0,0,0,1,0
61,dropbox.com,20190411,0,0,0,0,0,0,0,0,0,0,0,0,0,0,0,0,0,1,0,0,0,0,0,0
62,chess.com,20190410,0,0,0,0,0,0,0,0,0,0,0,0,0,31,0,0,4,0,0,43,0,0,0,0
63,w3cschool.cn,20190410,0,0,0,0,0,0,0,0,0,0,0,0,0,1,0,0,2,0,0,0,0,0,0,0
64,wanfangdata.com.cn,20190410,0,0,0,0,0,0,0,0,0,0,4964,3216,1176,1707,2204,4852,3379,3054,3066,3499,3973,2629,2518,1714
65,xinhuanet.com,20190410,0,0,0,0,0,0,0,0,0,0,4784,2990,2212,3934,4822,2495,2172,2172,2380,2732,4253,6181,2343,2874
66,xiaohongshu.com,20190410,0,0,0,0,0,0,0,0,0,0,6701,9085,8299,12091,8215,8716,9355,8136,6384,6300,7654,5215,8311,14891
67,jianguoyun.com,20190410,0,0,0,0,0,0,0,0,0,0,6029,6358,5211,6659,5832,6882,6644,6745,6607,6605,6691,6232,7176,5828
68,miwifi.com,20190410,0,0,0,0,0,0,0,0,0,0,4419,4912,4419,5101,4066,4577,4298,4671,5219,5669,5130,4645,5104,5426
69,ximalaya.com,20190410,0,0,0,0,0,0,0,0,0,0,2349,3281,4520,6480,3614,3683,2596,2447,4158,3182,3333,3200,5055,5556
70,frdic.com,20190410,0,0,0,0,0,0,0,0,0,0,1421,808,1044,761,1317,1370,1298,1341,1044,1797,2743,2127,1427,1100
71,youdao.com,20190410,0,0,0,0,0,0,0,0,0,0,60941,47424,19126,27166,38920,62758,59049,45380,30026,47761,57396,54852,45057,34784
72,people.com.cn,20190410,0,0,0,0,0,0,0,0,0,0,6800,7737,7168,8547,7350,8699,6803,6711,6410,6384,5852,6029,6566,7103
73,microsoft.com,20190410,0,0,0,0,0,0,0,0,0,0,357426,263709,362602,299390,250731,325336,276889,275780,306321,113544,43591,37023,37655,47253
74,sina.com.cn,20190410,0,0,0,0,0,0,0,0,0,0,12804,11604,8231,9431,9311,8976,8440,7522,7875,8675,9530,12350,7789,5533
75,ftchinese.com,20190410,0,0,0,0,0,0,0,0,0,0,4135,4650,3558,4286,3774,2809,3591,3270,4242,4748,2849,1987,1498,2500
76,lenovo.com.cn,20190410,0,0,0,0,0,0,0,0,0,0,883,1001,714,1509,1293,1552,1216,1451,1340,1772,1557,1437,1304,1096
77,weibo.com,20190410,0,0,0,0,0,0,0,0,0,0,7911,5904,5559,7020,5080,5401,5282,4859,5165,6141,8665,31700,6409,6313
78,china.org.cn,20190410,0,0,0,0,0,0,0,0,0,0,16424,18303,13104,19383,15776,16893,14618,16330,14516,18244,17599,16580,17847,20268
79,alibaba.com,20190410,0,0,0,0,0,0,0,0,0,0,25357,23664,19294,21986,18364,21749,19923,20870,20349,21756,21188,19421,20202,19864
80,chinadaily.com.cn,20190410,0,0,0,0,0,0,0,0,0,0,5813,7209,5560,8532,6024,6807,8367,9459,8984,10361,10093,7292,7958,8620
81,vivo.com.cn,20190410,0,0,0,0,0,0,0,0,0,0,13007,15406,16163,14916,11757,11985,11408,14473,17291,13888,13377,12983,13229,14130
82,ubuntu.com,20190410,0,0,0,0,0,0,0,0,0,0,1028,963,996,1288,1178,1266,1534,1033,1124,1108,1009,1155,1197,1131
83,xunlei.com,20190410,0,0,0,0,0,0,0,0,0,0,28860,32925,37741,61093,45543,45412,44178,46628,45946,44269,40318,29834,26602,19637
84,meizu.com,20190410,0,0,0,0,0,0,0,0,0,0,4077,5527,5858,5692,4219,4939,3479,5158,4681,3875,3864,3878,3489,3883
85,bilibili.com,20190410,0,0,0,0,0,0,0,0,0,0,3339,4212,5689,5039,3594,4251,4011,5013,6571,6493,5611,6353,7583,9401
86,iciba.com,20190410,0,0,0,0,0,0,0,0,0,0,2965,1715,1213,1917,2379,3672,3111,3267,1668,2980,4235,3061,2589,2283
87,webofknowledge.com,20190410,0,0,0,0,0,0,0,0,0,0,2444,1453,732,892,1404,1910,1799,1442,775,1645,1760,1644,1473,612
88,apple.com,20190410,0,0,0,0,0,0,0,0,0,0,11052,11725,8843,10037,8895,9447,8440,7961,8017,8861,8983,8309,8464,8531
89,time-weekly.com,20190410,0,0,0,0,0,0,0,0,0,0,1306,1507,1355,1541,1315,1049,1006,1208,1403,1552,1286,1259,1101,1336
90,dzwww.com,20190410,0,0,0,0,0,0,0,0,0,0,3125,3623,3151,3368,2306,2121,946,1401,1733,2051,1341,1055,567,1194
91,xiaomi.com,20190410,0,0,0,0,0,0,0,0,0,0,21809,24724,23827,24213,20238,20226,17786,19080,20470,21257,18737,20696,20208,20388
92,zhihu.com,20190410,0,0,0,0,0,0,0,0,0,0,4505,4381,3039,2518,2277,2482,2044,2404,2691,2949,2802,2452,3043,3950
93,renren.com,20190410,0,0,0,0,0,0,0,0,0,0,513,484,335,245,745,519,229,191,161,166,124,298,258,112
94,teamviewer.com,20190410,0,0,0,0,0,0,0,0,0,0,5003,5618,4984,5786,4708,4550,3916,4086,4273,4509,4078,4100,4391,4020
95,smartisan.com,20190410,0,0,0,0,0,0,0,0,0,0,615,556,363,802,314,519,689,680,689,817,357,494,655,369
96,qunar.com,20190410,0,0,0,0,0,0,0,0,0,0,646,545,1243,806,769,598,851,782,535,784,818,1015,624,957
97,51job.com,20190410,0,0,0,0,0,0,0,0,0,0,1929,959,396,1292,466,635,206,115,53,359,295,314,351,105
98,dianping.com,20190410,0,0,0,0,0,0,0,0,0,0,737,2605,820,675,547,755,831,927,1206,909,455,555,416,401
99,xuetangx.com,20190410,0,0,0,0,0,0,0,0,0,0,635,1112,715,416,792,905,492,942,1031,910,1349,1254,643,479
100,jjwxc.net,20190410,0,0,0,0,0,0,0,0,0,0,740,822,644,670,683,728,428,328,302,442,515,714,579,803
101,chaoxing.com,20190410,0,0,0,0,0,0,0,0,0,0,565,394,235,216,286,640,578,259,229,472,380,447,234,252
102,samsung.com.cn,20190410,0,0,0,0,0,0,0,0,0,0,274,632,449,433,295,312,189,335,571,300,313,255,362,259
103,tianya.cn,20190410,0,0,0,0,0,0,0,0,0,0,144,114,282,145,210,310,295,224,117,265,151,50,73,58
104,pplive.cn,20190410,0,0,0,0,0,0,0,0,0,0,639,603,871,907,540,522,1062,2132,1184,2133,1955,1029,1052,817
105,runoob.com,20190410,0,0,0,0,0,0,0,0,0,0,537,472,93,289,318,633,675,501,371,589,855,666,637,820
106,doc88.com,20190410,0,0,0,0,0,0,0,0,0,0,2327,1401,758,1059,1449,1858,2339,1883,1309,2644,3132,2510,1744,1594
107,godaddy.com,20190410,0,0,0,0,0,0,0,0,0,0,230,227,153,180,218,263,239,220,158,261,296,274,225,222
108,ithome.com,20190410,0,0,0,0,0,0,0,0,0,0,593,510,769,790,290,749,332,505,497,571,484,492,304,1227
109,asahi.com,20190410,0,0,0,0,0,0,0,0,0,0,260,98,200,182,192,250,208,171,140,138,194,242,228,232
110,qingting.fm,20190410,0,0,0,0,0,0,0,0,0,0,500,510,748,1134,521,435,363,403,634,454,540,256,224,723
111,zdic.net,20190410,0,0,0,0,0,0,0,0,0,0,0,0,10,0,59,2,9,0,0,0,0,2,0,3
112,google.com,20190410,0,0,0,0,0,0,0,0,0,0,251,207,144,178,3100,218,258,5089,7847,1149,210,195,219,149
113,muchong.com,20190410,0,0,0,0,0,0,0,0,0,0,141,134,75,77,137,157,131,149,48,114,126,80,85,67
114,zhaopin.com,20190410,0,0,0,0,0,0,0,0,0,0,256,145,143,68,777,93,74,78,94,56,270,90,151,16
115,cnblogs.com,20190410,0,0,0,0,0,0,0,0,0,0,456,273,227,417,514,601,616,451,317,589,662,693,477,416
116,addthis.com,20190410,0,0,0,0,0,0,0,0,0,0,137,122,138,184,223,160,141,167,108,134,94,94,151,202
117,sciencenet.cn,20190410,0,0,0,0,0,0,0,0,0,0,251,305,235,307,251,148,275,394,124,163,133,401,228,66
118,ctrip.com,20190410,0,0,0,0,0,0,0,0,0,0,354,222,145,260,253,124,473,164,118,159,96,118,92,155
119,icourse163.org,20190410,0,0,0,0,0,0,0,0,0,0,148,301,98,67,148,71,279,171,351,132,150,269,110,278
120,xiami.com,20190410,0,0,0,0,0,0,0,0,0,0,657,528,678,645,325,479,687,460,1228,1102,1101,1175,807,536
121,koolearn.com,20190410,0,0,0,0,0,0,0,0,0,0,272,252,252,228,281,216,290,247,255,263,446,540,492,226
122,hexun.com,20190410,0,0,0,0,0,0,0,0,0,0,298,299,109,48,452,560,587,768,633,200,238,126,163,73
123,douban.com,20190410,0,0,0,0,0,0,0,0,0,0,37,35,57,40,43,36,36,38,42,55,61,51,90,60
124,rarbg.to,20190410,0,0,0,0,0,0,0,0,0,0,0,0,0,2,0,2,1,0,0,0,1,0,0,0
125,mafengwo.cn,20190410,0,0,0,0,0,0,0,0,0,0,132,242,111,140,110,189,377,280,174,118,166,63,261,256
126,gemius.pl,20190410,0,0,0,0,0,0,0,0,0,0,76,48,15,26,42,56,38,29,21,22,41,45,44,89
127,4chan.org,20190410,0,0,0,0,0,0,0,0,0,0,0,10,0,0,0,0,0,0,0,0,0,0,0,0
128,imooc.com,20190410,0,0,0,0,0,0,0,0,0,0,87,26,15,85,35,86,54,22,0,46,53,57,54,76
129,spotify.com,20190410,0,0,0,0,0,0,0,0,0,0,42,69,47,34,15,36,30,106,12,12,25,18,11,4
130,cqvip.com,20190410,0,0,0,0,0,0,0,0,0,0,366,110,60,76,298,416,168,232,186,278,65,223,200,59
131,cnet.com,20190410,0,0,0,0,0,0,0,0,0,0,0,0,8,0,0,0,0,0,0,0,1,0,0,0
132,flightradar24.com,20190410,0,0,0,0,0,0,0,0,0,0,389,0,287,174,357,216,529,744,0,317,160,253,52,372
133,hujiang.com,20190410,0,0,0,0,0,0,0,0,0,0,17,15,12,67,32,24,32,14,21,38,49,16,36,51
134,jumei.com,20190410,0,0,0,0,0,0,0,0,0,0,70,26,19,31,89,74,75,101,153,91,4,45,78,12
135,jquery.com,20190410,0,0,0,0,0,0,0,0,0,0,30,21,15,34,41,34,33,19,25,26,27,18,25,20
136,qiniu.com,20190410,0,0,0,0,0,0,0,0,0,0,752,586,951,823,456,1259,1192,602,812,1295,1495,889,1505,1350
137,qiaobutang.com,20190410,0,0,0,0,0,0,0,0,0,0,91,34,20,35,77,71,61,46,68,230,129,162,109,60
138,zongheng.com,20190410,0,0,0,0,0,0,0,0,0,0,46,79,59,9,7,27,74,11,26,34,62,325,54,181
139,fastpic.ru,20190410,0,0,0,0,0,0,0,0,0,0,2,1,0,0,2,0,0,0,1,4,0,0,0,0
140,ci123.com,20190410,0,0,0,0,0,0,0,0,0,0,168,345,150,252,255,109,68,14,0,162,74,111,122,70
141,guancha.cn,20190410,0,0,0,0,0,0,0,0,0,0,29,35,34,45,202,16,18,23,33,44,25,31,24,18
142,oracle.com,20190410,0,0,0,0,0,0,0,0,0,0,190,20,33,11,28,713,241,43,13,27,30,38,56,25
143,spotscenered.info,20190410,0,0,0,0,0,0,0,0,0,0,0,0,0,0,2,0,0,1,0,0,0,0,0,0
144,huya.com,20190410,0,0,0,0,0,0,0,0,0,0,20347,33304,51126,47928,34343,33803,35992,48293,72879,94404,83879,87699,90577,107356
145,wps.cn,20190410,0,0,0,0,0,0,0,0,0,0,68278,55352,51500,50943,44116,59575,48928,46898,47296,54938,67551,62080,64586,55550
146,kuwo.cn,20190410,0,0,0,0,0,0,0,0,0,0,3668,2667,3453,4243,3979,4634,4256,4596,3918,5002,6363,4826,5343,4606
147,youth.cn,20190410,0,0,0,0,0,0,0,0,0,0,3071,3552,2823,3709,3063,3196,2712,3135,3070,3459,3299,3078,3316,3840
148,msn.com,20190410,0,0,0,0,0,0,0,0,0,0,1312,1334,1178,1287,1404,1487,1377,1433,1420,1552,1437,1376,1144,1145
149,pptv.com,20190410,0,0,0,0,0,0,0,0,0,0,1018,989,1316,1235,1019,984,912,1554,1692,2430,2402,2016,1781,1603
150,miui.com,20190410,0,0,0,0,0,0,0,0,0,0,8049,10493,11507,9603,8027,8920,7224,9013,10247,9634,7220,7822,9078,10540
151,jd.com,20190410,0,0,0,0,0,0,0,0,0,0,3293,2980,2154,2664,2550,4714,2396,2563,2453,2783,2040,2396,1837,2825
152,cnki.net,20190410,0,0,0,0,0,0,0,0,0,0,28173,19836,8566,14014,18084,28102,24826,17979,13374,20052,23930,22309,17592,10834
153,yy.com,20190410,0,0,0,0,0,0,0,0,0,0,859,1408,1990,2005,2300,2143,2084,3065,4105,5266,6595,5798,5626,4530
154,ele.me,20190410,0,0,0,0,0,0,0,0,0,0,1281,2521,1117,375,183,536,614,1203,934,1517,843,227,174,283
155,so.com,20190410,0,0,0,0,0,0,0,0,0,0,1033,858,296,688,780,829,831,658,481,563,603,543,559,466
156,mi.com,20190410,0,0,0,0,0,0,0,0,0,0,1981,2593,1753,3161,1110,2960,1803,1787,1397,2265,1994,2155,2219,2702
157,163.com,20190410,0,0,0,0,0,0,0,0,0,0,21409,23353,30578,26939,23670,29631,29534,27352,30936,33735,32753,31256,31447,31934
158,qy.net,20190410,0,0,0,0,0,0,0,0,0,0,21448,27102,37959,40771,25262,32328,27627,34367,37390,36038,36905,35904,41973,52703
159,gmw.cn,20190410,0,0,0,0,0,0,0,0,0,0,1498,1345,1394,1869,1380,1647,1272,1538,1756,1635,1631,1522,1821,1675
160,mob.com,20190410,0,0,0,0,0,0,0,0,0,0,4613,5981,6121,7066,5419,5414,4762,5673,6879,6165,6599,7211,8127,9350
161,uc.cn,20190410,0,0,0,0,0,0,0,0,0,0,6234,5633,6307,7400,6412,5976,5125,4889,5866,5331,4272,3905,4116,6416
162,126.com,20190410,0,0,0,0,0,0,0,0,0,0,130,121,57,80,77,135,197,117,135,332,167,115,78,58
163,nowcoder.com,20190410,0,0,0,0,0,0,0,0,0,0,39,26,35,26,63,43,46,22,51,90,56,114,62,41
164,xdf.cn,20190410,0,0,0,0,0,0,0,0,0,0,438,253,355,1170,1037,318,548,479,213,363,484,225,897,267
165,csdn.net,20190410,0,0,0,0,0,0,0,0,0,0,182,144,67,102,95,183,205,137,87,233,248,217,128,345
166,51cto.com,20190410,0,0,0,0,0,0,0,0,0,0,36,41,88,61,50,159,43,11,25,36,80,143,14,21
167,1688.com,20190410,0,0,0,0,0,0,0,0,0,0,100,69,71,95,102,139,84,122,102,106,122,114,91,53
168,nationalgeographic.com,20190410,0,0,0,0,0,0,0,0,0,0,0,0,0,0,1,0,0,0,0,0,0,0,0,0
169,githubusercontent.com,20190410,0,0,0,0,0,0,0,0,0,0,0,0,0,0,1,0,0,0,0,0,0,0,5,25
170,ibaotu.com,20190410,0,0,0,0,0,0,0,0,0,0,0,1,0,1,0,0,0,0,0,0,1,0,0,0
171,uniqlo.com,20190410,0,0,0,0,0,0,0,0,0,0,0,0,29,0,0,0,0,0,0,0,0,0,0,0
172,shutterstock.com,20190410,0,0,0,0,0,0,0,0,0,0,0,1,0,3,4,0,0,7,0,0,0,10,0,0
173,playstation.com,20190410,0,0,0,0,0,0,0,0,0,0,0,4,0,0,0,0,0,0,0,0,0,1,0,0
174,buzzfeed.com,20190410,0,0,0,0,0,0,0,0,0,0,0,0,1,0,0,0,0,0,0,0,0,0,0,0
175,valuecommerce.com,20190410,0,0,0,0,0,0,0,0,0,0,8,0,0,0,0,0,0,0,0,1,0,0,0,2
176,codepen.io,20190410,0,0,0,0,0,0,0,0,0,0,0,0,0,0,0,0,1,0,0,0,0,0,0,0
177,zara.com,20190410,0,0,0,0,0,0,0,0,0,0,0,0,0,0,0,0,2,0,0,1,0,0,0,0
178,usatoday.com,20190410,0,0,0,0,0,0,0,0,0,0,0,2,0,0,0,0,0,0,0,0,1,0,0,0
179,investing.com,20190410,0,0,0,0,0,0,0,0,0,0,1,0,0,0,0,0,0,0,0,0,0,0,0,0
180,plex.tv,20190410,0,0,0,0,0,0,0,0,0,0,0,1,0,0,0,1,0,0,0,1,0,0,0,0
181,vporn.com,20190410,0,0,0,0,0,0,0,0,0,0,0,0,0,0,0,0,0,0,0,0,0,0,0,0
182,ask.com,20190410,0,0,0,0,0,0,0,0,0,0,0,0,0,0,0,0,0,0,0,0,0,0,0,0
183,tradedoubler.com,20190410,0,0,0,0,0,0,0,0,0,0,0,0,0,0,0,0,2,0,0,1,0,0,0,0
184,mlb.com,20190410,0,0,0,0,0,0,0,0,0,0,1,0,0,0,0,0,0,0,0,0,0,0,0,0
185,kooora.com,20190410,0,0,0,0,0,0,0,0,0,0,0,0,0,0,0,0,0,0,0,0,8,0,36,0
186,digitalocean.com,20190410,0,0,0,0,0,0,0,0,0,0,0,0,0,0,1,0,0,1,0,0,0,0,0,0
187,friv.com,20190410,0,0,0,0,0,0,0,0,0,0,0,1,0,0,0,0,0,0,0,0,0,0,0,0
188,gyazo.com,20190410,0,0,0,0,0,0,0,0,0,0,0,0,0,0,0,0,0,0,0,0,0,0,0,0
189,instagram.com,20190410,0,0,0,0,0,0,0,0,0,0,0,0,0,0,0,0,0,0,0,0,0,0,0,0
190,amazon.de,20190410,0,0,0,0,0,0,0,0,0,0,0,0,0,0,0,0,0,0,0,0,0,0,0,0
191,patreon.com,20190410,0,0,0,0,0,0,0,0,0,0,0,0,0,0,0,0,0,1,0,1,0,0,0,1
192,monster.com,20190410,0,0,0,0,0,0,0,0,0,0,0,0,0,0,0,0,0,0,0,13,0,0,6,0
193,duckduckgo.com,20190410,0,0,0,0,0,0,0,0,0,0,0,0,0,0,0,0,0,0,0,1,0,0,0,0
194,savefrom.net,20190410,0,0,0,0,0,0,0,0,0,0,0,0,0,0,0,0,0,0,0,1,0,2,0,0
195,yifysubtitles.com,20190410,0,0,0,0,0,0,0,0,0,0,0,0,0,0,0,0,0,0,0,1,1,0,0,0
196,tumblr.com,20190410,0,0,0,0,0,0,0,0,0,0,0,0,0,0,0,0,0,0,0,0,0,0,0,2
197,tutorialspoint.com,20190410,0,0,0,0,0,0,0,0,0,0,0,0,0,0,0,0,0,0,1,0,0,0,0,0
198,doublepimp.com,20190410,0,0,0,0,0,0,0,0,0,0,0,0,0,0,0,0,0,0,0,0,0,0,0,1
199,tutorialspoint.com,20190411,0,0,0,0,0,0,0,0,0,0,0,0,0,0,0,1,0,1,0,0,3,0,0,0
200,secureserver.net,20190411,0,0,0,0,0,0,0,0,0,0,0,0,0,0,0,0,0,0,0,0,1,0,2,0
201,gsmarena.com,20190411,0,0,0,0,0,0,0,0,0,0,1,0,0,0,0,0,0,0,0,1,0,0,0,0
202,chess.com,20190411,0,0,0,0,0,0,0,0,0,0,2,0,0,0,0,0,0,0,0,0,0,0,0,0
203,163.com,20180411,0,0,0,0,0,0,0,0,0,0,0,0,0,0,587,0,0,0,0,0,0,0,0,0
204,youdao.com,20180411,0,0,0,0,0,0,0,0,0,0,0,0,0,0,1045,0,0,0,0,0,0,0,0,0
205,china.org.cn,20180411,0,0,0,0,0,0,0,0,0,0,0,0,0,0,425,0,0,0,0,0,0,0,0,0
206,bab.la,20190411,0,0,0,0,0,0,0,0,0,0,0,0,0,0,2,0,0,0,0,0,0,0,0,0
207,amazon.de,20190411,0,0,0,0,0,0,0,0,0,0,0,0,0,0,0,0,0,0,0,0,0,0,0,0
208,americanexpress.com,20190411,0,0,0,0,0,0,0,0,0,0,0,0,0,0,0,15,0,0,0,0,0,6,0,5
209,java.com,20190411,0,0,0,0,0,0,0,0,0,0,0,0,0,0,1,1,0,1,0,2,0,0,0,0
210,webofknowledge.com,20180411,0,0,0,0,0,0,0,0,0,0,0,0,0,0,57,0,0,0,0,0,0,0,0,0
211,so.com,20180411,0,0,0,0,0,0,0,0,0,0,0,0,0,0,25,0,0,0,0,0,0,0,0,0
212,people.com.cn,20180411,0,0,0,0,0,0,0,0,0,0,0,0,0,0,184,0,0,0,0,0,0,0,0,0
213,weibo.com,20180411,0,0,0,0,0,0,0,0,0,0,0,0,0,0,132,0,0,0,0,0,0,0,0,0
214,39.net,20180411,0,0,0,0,0,0,0,0,0,0,0,0,0,0,20,0,0,0,0,0,0,0,0,0
215,ctrip.com,20180411,0,0,0,0,0,0,0,0,0,0,0,0,0,0,3,0,0,0,0,0,0,0,0,0
216,livejasmin.com,20190411,0,0,0,0,0,0,0,0,0,0,0,0,0,0,0,0,0,0,1,0,0,0,0,0
217,codepen.io,20190411,0,0,0,0,0,0,0,0,0,0,0,0,0,0,0,0,1,0,0,0,0,0,0,0
218,hp.com,20190410,0,0,0,0,0,0,0,0,0,0,157,189,143,163,97,276,335,362,410,280,407,195,269,240
219,dict.cn,20190410,0,0,0,0,0,0,0,0,0,0,16,26,29,19,16,95,147,30,21,16,18,12,16,26
220,mydrivers.com,20190410,0,0,0,0,0,0,0,0,0,0,30,35,18,3,59,11,7,17,61,4,48,39,45,2
221,berkeley.edu,20190410,0,0,0,0,0,0,0,0,0,0,20,11,6,19,20,11,21,1,17,7,24,8,15,10
222,linkedin.com,20190410,0,0,0,0,0,0,0,0,0,0,13,9,8,6,3,8,13,8,6,4,3,4,2,0
223,bootcss.com,20190410,0,0,0,0,0,0,0,0,0,0,23,17,14,45,41,28,24,36,27,43,14,25,23,24
224,52pk.com,20190410,0,0,0,0,0,0,0,0,0,0,92,33,69,102,5,25,122,28,38,100,30,46,60,86
225,vmall.com,20190410,0,0,0,0,0,0,0,0,0,0,36,37,30,34,60,42,90,38,60,20,30,96,67,127
226,lianjia.com,20190410,0,0,0,0,0,0,0,0,0,0,14,1,32,24,20,32,7,23,5,2,16,4,1,25
227,guokr.com,20190410,0,0,0,0,0,0,0,0,0,0,5,8,4,3,6,5,4,2,2,3,5,27,3,7
228,shanbay.com,20190410,0,0,0,0,0,0,0,0,0,0,71,2,4,8,1,2,2,0,2,8,1,1,1,0
229,eol.cn,20190410,0,0,0,0,0,0,0,0,0,0,64,64,44,1,41,27,14,12,0,39,8,35,38,5
230,ieee.org,20190410,0,0,0,0,0,0,0,0,0,0,28,38,4,16,17,30,9,21,7,11,14,3,11,3
231,39.net,20190410,0,0,0,0,0,0,0,0,0,0,79,151,57,46,107,133,130,157,145,91,96,134,43,78
232,book118.com,20190410,0,0,0,0,0,0,0,0,0,0,43,43,46,36,2,14,16,73,38,4,102,12,14,7
233,oeeee.com,20190410,0,0,0,0,0,0,0,0,0,0,6,8,1,6,19,4,3,10,9,3,2,2,5,4
234,soso.com,20190410,0,0,0,0,0,0,0,0,0,0,26,33,41,27,42,40,57,40,41,41,44,44,40,39
235,itools.cn,20190410,0,0,0,0,0,0,0,0,0,0,31,6,19,2,15,7,13,6,10,48,11,27,5,5
236,jb51.net,20190410,0,0,0,0,0,0,0,0,0,0,5,10,12,2,34,74,23,8,9,4,10,4,5,7
237,mama.cn,20190410,0,0,0,0,0,0,0,0,0,0,3,7,25,23,81,38,60,0,31,0,68,8,1,36
238,anjuke.com,20190410,0,0,0,0,0,0,0,0,0,0,4,1,2,2,2,0,4,3,30,1,6,1,3,1
239,rapidgator.net,20190410,0,0,0,0,0,0,0,0,0,0,107,138,140,64,17,0,1,62,0,7,58,10,45,447
240,imagebam.com,20190410,0,0,0,0,0,0,0,0,0,0,6,4,0,13,4,3,14,19,0,6,7,5,7,9
241,81.cn,20190410,0,0,0,0,0,0,0,0,0,0,116,139,40,42,9,147,15,16,49,18,124,23,31,2
242,chsi.com.cn,20190410,0,0,0,0,0,0,0,0,0,0,6,4,5,3,1,3,5,1,0,1,2,8,1,2
243,iobit.com,20190410,0,0,0,0,0,0,0,0,0,0,3,0,16,8,7,15,2,0,0,2,6,1,5,2
244,github.com,20190410,0,0,0,0,0,0,0,0,0,0,17,3,1,2,0,4,1,1,2,137,2,4,1,1
245,51sole.com,20190410,0,0,0,0,0,0,0,0,0,0,12,0,17,1,1,27,50,0,7,0,6,24,28,9
246,58pic.com,20190410,0,0,0,0,0,0,0,0,0,0,20,28,5,3,7,0,8,3,1,23,4,0,15,2
247,piriform.com,20190410,0,0,0,0,0,0,0,0,0,0,717,743,100,1,1,0,1,2,3,0,1,1,1,0
248,redocn.com,20190410,0,0,0,0,0,0,0,0,0,0,17,1,3,8,160,9,2,13,18,3,17,92,30,25
249,mit.edu,20190410,0,0,0,0,0,0,0,0,0,0,53,73,292,10,2,20,6,179,5,29,69,7,1,15
250,mozilla.org,20190410,0,0,0,0,0,0,0,0,0,0,3,3,2,2,1,0,1,2,0,2,0,3,1,1
251,office.com,20190410,0,0,0,0,0,0,0,0,0,0,2,1,0,2,1,8,4,1,0,1,0,1,9,3
252,iop.org,20190410,0,0,0,0,0,0,0,0,0,0,17,3,2,16,2,20,6,8,1,1,143,3,5,0
253,xbox.com,20190410,0,0,0,0,0,0,0,0,0,0,4,0,68,15,77,141,302,1101,1,59,1273,442,66,312
254,jikexueyuan.com,20190410,0,0,0,0,0,0,0,0,0,0,20,29,36,0,0,26,0,0,8,15,7,0,9,22
255,visualstudio.com,20190410,0,0,0,0,0,0,0,0,0,0,2,16,4,0,4,5,1,0,1,1,2,1,1,4
256,processon.com,20190410,0,0,0,0,0,0,0,0,0,0,5,3,0,4,2,2,1,2,4,4,2,7,1,1
257,readthedocs.io,20190410,0,0,0,0,0,0,0,0,0,0,1,1,0,1,1,12,5,1,1,0,0,4,1,1
258,paypal.com,20190410,0,0,0,0,0,0,0,0,0,0,1,3,3,1,1,0,3,0,1,0,1,2,0,1
259,yahoo.co.jp,20190410,0,0,0,0,0,0,0,0,0,0,6,1,1,1,0,3,0,0,0,5,0,0,0,3
260,target.com,20190410,0,0,0,0,0,0,0,0,0,0,2,2,0,1,2,4,1,2,1,1,3,1,2,0
261,hjenglish.com,20190410,0,0,0,0,0,0,0,0,0,0,0,2,0,6,2,7,7,1,4,2,6,1,2,11
262,netflix.com,20190410,0,0,0,0,0,0,0,0,0,0,0,1,0,1,1,1,1,0,0,0,1,0,0,0
263,soundcloud.com,20190410,0,0,0,0,0,0,0,0,0,0,0,0,2,3,2,0,1,0,1,11,4,2,18,6
264,youboy.com,20190410,0,0,0,0,0,0,0,0,0,0,1,0,14,19,0,19,8,0,0,1,149,1,0,2
265,wikimedia.org,20190410,0,0,0,0,0,0,0,0,0,0,0,1,111,0,0,1,0,0,0,7,6,1,6,0
266,oppo.com,20190410,0,0,0,0,0,0,0,0,0,0,0,0,0,2,2,1,4,3,2,5,0,1,3,8
267,coursera.org,20190410,0,0,0,0,0,0,0,0,0,0,0,1,0,3,2,0,1,0,1,1,0,0,0,0
268,chosun.com,20190410,0,0,0,0,0,0,0,0,0,0,0,0,0,0,0,0,0,0,0,0,0,2,0,0
269,yhd.com,20190410,0,0,0,0,0,0,0,0,0,0,1,0,0,0,0,7,3,1,0,2,0,1,1,0
270,microsoftstore.com.cn,20190410,0,0,0,0,0,0,0,0,0,0,0,0,0,3,0,1,1,0,1,1,0,0,0,0
271,zcool.com.cn,20190410,0,0,0,0,0,0,0,0,0,0,0,2,1,0,0,1,0,3,0,1,1,0,0,0
272,force.com,20190410,0,0,0,0,0,0,0,0,0,0,13,0,5,0,0,0,0,0,15,0,0,4,13,0
273,last.fm,20190410,0,0,0,0,0,0,0,0,0,0,0,0,0,0,0,0,0,0,0,0,0,0,0,1
274,agoda.com,20190410,0,0,0,0,0,0,0,0,0,0,0,0,1,0,0,0,1,1,1,0,5,0,0,0
275,shutterstock.com,20190411,0,0,0,0,0,0,0,0,0,0,0,0,0,0,0,1,0,3,0,0,0,0,0,0
276,doublepimp.com,20190411,0,0,0,0,0,0,0,0,0,0,0,0,0,1,0,1,0,0,0,0,0,0,1,0
277,bongacams.com,20190411,0,0,0,0,0,0,0,0,0,0,0,0,1,0,0,0,0,0,0,0,0,0,0,0
278,dailymail.co.uk,20190411,0,0,0,0,0,0,0,0,0,0,0,1,0,0,0,0,4,0,0,0,0,0,0,0
279,dawn.com,20190411,0,0,0,0,0,0,0,0,0,0,0,0,0,0,1,0,1,0,0,0,0,0,0,0
280,last.fm,20190411,0,0,0,0,0,0,0,0,0,0,0,0,0,1,0,0,0,0,0,0,0,0,0,1
281,kalerkantho.com,20190411,0,0,0,0,0,0,0,0,0,0,0,0,0,0,0,0,0,0,0,0,89,0,0,0
282,manyvids.com,20190411,0,0,0,0,0,0,0,0,0,0,0,0,0,0,0,0,0,0,0,0,0,0,0,0
283,ikea.com,20190411,0,0,0,0,0,0,0,0,0,0,0,0,0,0,0,0,0,0,0,0,0,0,0,0
284,github.com,20190411,0,0,0,0,0,0,0,0,0,0,2,3,33,375,4,0,5,3,1,0,9,1,3,2
285,deviantart.net,20190411,0,0,0,0,0,0,0,0,0,0,0,3,0,0,0,0,0,0,0,0,0,0,0,0
286,foursquare.com,20190411,0,0,0,0,0,0,0,0,0,0,0,0,0,0,0,1,0,0,0,0,0,0,0,0
287,imagebam.com,20190411,0,0,0,0,0,0,0,0,0,0,1,1,61,6,0,26,68,73,12,13,0,4,0,16
288,linkedin.com,20190411,0,0,0,0,0,0,0,0,0,0,5,4,3,7,3,8,1,3,0,0,2,4,0,1
289,playstation.com,20190411,0,0,0,0,0,0,0,0,0,0,0,0,0,0,0,0,0,0,0,0,0,0,2,0
290,clixsense.com,20190410,0,0,0,0,0,0,0,0,0,0,0,0,1,0,0,0,1,1,0,1,3,0,0,0
291,mlb.com,20190411,0,0,0,0,0,0,0,0,0,0,0,0,0,0,65,7,0,0,0,0,0,0,0,0
292,ci123.com,20190411,0,0,0,0,0,0,0,0,0,0,147,259,86,110,157,33,44,111,26,0,0,3,3,1
293,jumei.com,20190411,0,0,0,0,0,0,0,0,0,0,110,57,32,11,89,188,138,70,186,295,165,111,22,52
294,nowcoder.com,20190411,0,0,0,0,0,0,0,0,0,0,70,17,3,22,48,65,31,30,34,41,71,43,51,12
295,zhaopin.com,20190411,0,0,0,0,0,0,0,0,0,0,148,26,45,63,150,364,179,143,18,147,82,134,157,665
296,51job.com,20190411,0,0,0,0,0,0,0,0,0,0,193,196,1382,376,298,264,178,324,95,210,70,46,125,109
297,51cto.com,20190411,0,0,0,0,0,0,0,0,0,0,29,36,13,18,30,60,47,24,10,102,57,42,48,6
298,cqvip.com,20190411,0,0,0,0,0,0,0,0,0,0,196,185,42,169,174,244,412,187,75,62,281,188,133,170
299,bt.com,20190411,0,0,0,0,0,0,0,0,0,0,0,0,4,0,0,0,0,0,0,0,0,0,0,0
300,sciencenet.cn,20190411,0,0,0,0,0,0,0,0,0,0,220,275,123,177,248,304,249,522,225,202,178,220,175,119
301,youboy.com,20190411,0,0,0,0,0,0,0,0,0,0,63,193,18,4,152,43,58,57,174,273,42,5,20,0
302,mit.edu,20190411,0,0,0,0,0,0,0,0,0,0,65,48,3,37,36,41,118,58,15,3,55,33,55,3
303,39.net,20190411,0,0,0,0,0,0,0,0,0,0,93,193,57,151,147,107,141,97,25,83,136,109,141,60
304,imooc.com,20190411,0,0,0,0,0,0,0,0,0,0,54,71,46,67,39,49,85,177,65,307,390,68,18,15
305,dict.cn,20190411,0,0,0,0,0,0,0,0,0,0,27,13,17,19,91,59,41,60,22,23,47,26,26,9
306,52pk.com,20190411,0,0,0,0,0,0,0,0,0,0,100,11,103,6,7,61,25,103,12,69,26,146,214,27
307,guancha.cn,20190411,0,0,0,0,0,0,0,0,0,0,50,24,37,18,46,21,24,15,20,13,20,30,32,35
308,hujiang.com,20190411,0,0,0,0,0,0,0,0,0,0,55,11,15,9,12,27,20,23,57,78,77,61,61,53
309,jb51.net,20190411,0,0,0,0,0,0,0,0,0,0,9,22,11,6,45,15,18,11,9,2,9,25,7,5
310,mama.cn,20190411,0,0,0,0,0,0,0,0,0,0,0,43,12,10,41,32,63,5,1,7,10,0,18,25
311,oracle.com,20190411,0,0,0,0,0,0,0,0,0,0,39,20,25,24,41,32,53,29,10,55,46,594,21,7
312,lianjia.com,20190411,0,0,0,0,0,0,0,0,0,0,18,37,29,8,23,23,16,20,1,5,1,0,18,6
313,book118.com,20190411,0,0,0,0,0,0,0,0,0,0,15,16,137,1,30,40,12,32,9,13,63,126,197,171
314,soundcloud.com,20190411,0,0,0,0,0,0,0,0,0,0,0,0,2,2,3,0,4,1,0,3,4,13,25,1
315,deviantart.com,20190411,0,0,0,0,0,0,0,0,0,0,0,0,0,1,3,0,0,0,0,0,0,0,0,0
316,berkeley.edu,20190411,0,0,0,0,0,0,0,0,0,0,5,26,32,11,12,10,18,10,8,17,7,5,49,30
317,anjuke.com,20190411,0,0,0,0,0,0,0,0,0,0,3,5,1,10,6,6,5,20,1,3,8,22,7,0
318,eol.cn,20190411,0,0,0,0,0,0,0,0,0,0,54,0,10,27,69,5,1,62,10,2,2,8,14,7
319,flightradar24.com,20190411,0,0,0,0,0,0,0,0,0,0,0,0,0,8,2,2,294,121,1,0,1,0,0,0
320,mydrivers.com,20190411,0,0,0,0,0,0,0,0,0,0,43,19,6,27,30,9,75,62,35,25,61,28,17,13
321,uniqlo.com,20190411,0,0,0,0,0,0,0,0,0,0,0,0,0,0,0,0,0,0,0,0,0,0,0,0
322,processon.com,20190411,0,0,0,0,0,0,0,0,0,0,1,3,3,1,1,2,4,11,3,2,4,1,5,2
323,paypal.com,20190411,0,0,0,0,0,0,0,0,0,0,1,0,2,1,1,1,0,1,0,2,0,1,1,2
324,wikimedia.org,20190411,0,0,0,0,0,0,0,0,0,0,0,0,0,0,0,1,8,0,0,1,7,2,0,0
325,oeeee.com,20190411,0,0,0,0,0,0,0,0,0,0,24,7,6,0,17,18,4,10,28,9,29,3,1,6
326,redocn.com,20190411,0,0,0,0,0,0,0,0,0,0,298,32,40,6,3,40,110,50,6,5,0,31,47,2
327,cnet.com,20190411,0,0,0,0,0,0,0,0,0,0,0,12,0,0,0,0,0,0,0,0,0,0,0,0
328,nationalgeographic.com,20190411,0,0,0,0,0,0,0,0,0,0,0,0,2,0,0,0,0,0,0,0,1,0,0,0
329,hjenglish.com,20190411,0,0,0,0,0,0,0,0,0,0,5,1,3,0,1,10,2,1,5,18,5,2,8,6
330,force.com,20190411,0,0,0,0,0,0,0,0,0,0,0,0,0,0,0,0,0,0,0,6,0,5,0,0
331,iobit.com,20190411,0,0,0,0,0,0,0,0,0,0,6,1,19,3,2,5,3,1,4,4,1,10,6,2
332,ask.com,20190411,0,0,0,0,0,0,0,0,0,0,4,0,0,0,0,0,1,0,0,0,0,0,0,0
333,guokr.com,20190411,0,0,0,0,0,0,0,0,0,0,9,4,2,2,9,2,4,5,5,6,4,52,9,9
334,58pic.com,20190411,0,0,0,0,0,0,0,0,0,0,14,1,308,0,264,118,2,5,6,5,7,4,2,19
335,iop.org,20190411,0,0,0,0,0,0,0,0,0,0,7,1,0,2,8,13,5,11,4,3,22,8,6,7
336,washingtonpost.com,20190411,0,0,0,0,0,0,0,0,0,0,0,8,0,0,0,0,0,0,0,3,0,0,0,0
337,81.cn,20190411,0,0,0,0,0,0,0,0,0,0,18,194,24,31,11,21,26,17,8,10,0,12,37,83
338,chosun.com,20190411,0,0,0,0,0,0,0,0,0,0,0,0,0,23,0,0,0,0,0,0,0,0,0,0
339,readthedocs.io,20190411,0,0,0,0,0,0,0,0,0,0,0,8,1,0,0,0,0,2,1,2,2,1,0,0
340,patreon.com,20190411,0,0,0,0,0,0,0,0,0,0,0,0,1,4,0,0,0,0,0,0,0,0,0,0
341,office.com,20190411,0,0,0,0,0,0,0,0,0,0,0,1,1,0,1,0,0,2,0,0,0,0,0,1
342,w3cschool.cn,20190411,0,0,0,0,0,0,0,0,0,0,1,0,0,0,0,0,0,0,0,0,0,0,0,0
343,spotscenered.info,20190411,0,0,0,0,0,0,0,0,0,0,1,0,0,0,0,0,0,0,0,0,1,0,0,0
344,xiaomi.com,20180411,0,0,0,0,0,0,0,0,0,0,0,0,0,0,584,0,0,0,0,0,0,0,0,0
345,jikexueyuan.com,20190411,0,0,0,0,0,0,0,0,0,0,34,0,1,11,4,4,16,12,2,0,18,0,17,18
346,kuwo.cn,20180411,0,0,0,0,0,0,0,0,0,0,0,0,0,0,529,0,0,0,0,0,0,0,0,0
347,microsoft.com,20180411,0,0,0,0,0,0,0,0,0,0,0,0,0,0,7648,0,0,0,0,0,0,0,0,0
348,gmw.cn,20180411,0,0,0,0,0,0,0,0,0,0,0,0,0,0,43,0,0,0,0,0,0,0,0,0
349,apple.com,20180411,0,0,0,0,0,0,0,0,0,0,0,0,0,0,198,0,0,0,0,0,0,0,0,0
350,xunlei.com,20180411,0,0,0,0,0,0,0,0,0,0,0,0,0,0,219,0,0,0,0,0,0,0,0,0
351,wanfangdata.com.cn,20180411,0,0,0,0,0,0,0,0,0,0,0,0,0,0,93,0,0,0,0,0,0,0,0,0
352,vivo.com.cn,20180411,0,0,0,0,0,0,0,0,0,0,0,0,0,0,321,0,0,0,0,0,0,0,0,0
353,jjwxc.net,20180411,0,0,0,0,0,0,0,0,0,0,0,0,0,0,13,0,0,0,0,0,0,0,0,0
354,teamviewer.com,20180411,0,0,0,0,0,0,0,0,0,0,0,0,0,0,125,0,0,0,0,0,0,0,0,0
355,chinadaily.com.cn,20180411,0,0,0,0,0,0,0,0,0,0,0,0,0,0,158,0,0,0,0,0,0,0,0,0
356,cnki.net,20180411,0,0,0,0,0,0,0,0,0,0,0,0,0,0,687,0,0,0,0,0,0,0,0,0
357,iciba.com,20180411,0,0,0,0,0,0,0,0,0,0,0,0,0,0,66,0,0,0,0,0,0,0,0,0
358,miui.com,20180411,0,0,0,0,0,0,0,0,0,0,0,0,0,0,202,0,0,0,0,0,0,0,0,0
359,huya.com,20180411,0,0,0,0,0,0,0,0,0,0,0,0,0,0,1104,0,0,0,0,0,0,0,0,0
360,xbox.com,20190411,0,0,0,0,0,0,0,0,0,0,0,9,24,1,27,144,2,0,34,0,10,56,22,4
361,chsi.com.cn,20190411,0,0,0,0,0,0,0,0,0,0,6,0,2,1,1,5,3,1,3,5,3,1,2,0
362,fastpic.ru,20190411,0,0,0,0,0,0,0,0,0,0,0,3,3,0,1,26,0,0,2,6,0,0,42,10
363,target.com,20190411,0,0,0,0,0,0,0,0,0,0,0,0,0,0,0,0,1,1,0,0,1,0,1,0
364,clipconverter.cc,20190411,0,0,0,0,0,0,0,0,0,0,0,1,0,0,0,0,0,0,0,0,1,1,0,1
365,visualstudio.com,20190411,0,0,0,0,0,0,0,0,0,0,1,10,2,1,0,7,0,1,7,6,3,2,0,5
366,coursera.org,20190411,0,0,0,0,0,0,0,0,0,0,0,0,0,0,1,0,0,0,0,1,0,0,1,0
367,yahoo.co.jp,20190411,0,0,0,0,0,0,0,0,0,0,1,0,2,0,0,1,4,0,2,0,2,0,3,1
368,tradedoubler.com,20190411,0,0,0,0,0,0,0,0,0,0,0,0,0,0,0,0,0,0,0,0,0,0,0,0
369,agoda.com,20190411,0,0,0,0,0,0,0,0,0,0,2,0,0,1,0,2,0,0,0,1,0,0,1,2
370,rapidgator.net,20190411,0,0,0,0,0,0,0,0,0,0,0,0,0,8,7,127,102,20,2,74,1,59,5,49
371,netflix.com,20190411,0,0,0,0,0,0,0,0,0,0,0,0,1,1,1,0,0,0,1,0,2,0,0,0
372,archiveofourown.org,20190411,0,0,0,0,0,0,0,0,0,0,0,0,0,0,2,0,1,0,0,0,0,1,0,0
373,newegg.com,20190411,0,0,0,0,0,0,0,0,0,0,0,0,0,0,0,0,10,0,0,0,0,0,0,0
374,webofknowledge.com,20190411,0,0,0,0,0,0,0,0,0,0,1934,1609,819,1031,1562,2898,5702,2392,1478,1698,1967,1676,795,526
375,chinadaily.com.cn,20190411,0,0,0,0,0,0,0,0,0,0,6293,6411,5624,7409,5160,6988,8497,9843,8973,10605,10230,7451,8472,9279
376,wanfangdata.com.cn,20190411,0,0,0,0,0,0,0,0,0,0,2927,2874,1057,2030,2818,3957,2722,2517,1464,2585,2841,2050,2038,2421
377,leetcode.com,20190411,0,0,0,0,0,0,0,0,0,0,0,0,0,0,0,1,0,0,0,0,0,0,0,0
378,miwifi.com,20180411,0,0,0,0,0,0,0,0,0,0,0,0,0,0,132,0,0,0,0,0,0,0,0,0
379,qunar.com,20180411,0,0,0,0,0,0,0,0,0,0,0,0,0,0,77,0,0,0,0,0,0,0,0,0
380,time-weekly.com,20180411,0,0,0,0,0,0,0,0,0,0,0,0,0,0,30,0,0,0,0,0,0,0,0,0
381,xuetangx.com,20180411,0,0,0,0,0,0,0,0,0,0,0,0,0,0,46,0,0,0,0,0,0,0,0,0
382,chaoxing.com,20180411,0,0,0,0,0,0,0,0,0,0,0,0,0,0,11,0,0,0,0,0,0,0,0,0
383,xinhuanet.com,20180411,0,0,0,0,0,0,0,0,0,0,0,0,0,0,41,0,0,0,0,0,0,0,0,0
384,dzwww.com,20180411,0,0,0,0,0,0,0,0,0,0,0,0,0,0,59,0,0,0,0,0,0,0,0,0
385,ithome.com,20180411,0,0,0,0,0,0,0,0,0,0,0,0,0,0,7,0,0,0,0,0,0,0,0,0
386,lenovo.com.cn,20180411,0,0,0,0,0,0,0,0,0,0,0,0,0,0,18,0,0,0,0,0,0,0,0,0
387,imooc.com,20180411,0,0,0,0,0,0,0,0,0,0,0,0,0,0,23,0,0,0,0,0,0,0,0,0
388,doc88.com,20180411,0,0,0,0,0,0,0,0,0,0,0,0,0,0,24,0,0,0,0,0,0,0,0,0
389,muchong.com,20180411,0,0,0,0,0,0,0,0,0,0,0,0,0,0,2,0,0,0,0,0,0,0,0,0
390,pplive.cn,20180411,0,0,0,0,0,0,0,0,0,0,0,0,0,0,10,0,0,0,0,0,0,0,0,0
391,mi.com,20180411,0,0,0,0,0,0,0,0,0,0,0,0,0,0,4,0,0,0,0,0,0,0,0,0
392,csdn.net,20180411,0,0,0,0,0,0,0,0,0,0,0,0,0,0,1,0,0,0,0,0,0,0,0,0
393,qingting.fm,20180411,0,0,0,0,0,0,0,0,0,0,0,0,0,0,7,0,0,0,0,0,0,0,0,0
394,soso.com,20180411,0,0,0,0,0,0,0,0,0,0,0,0,0,0,1,0,0,0,0,0,0,0,0,0
395,asahi.com,20180411,0,0,0,0,0,0,0,0,0,0,0,0,0,0,8,0,0,0,0,0,0,0,0,0
396,processon.com,20180411,0,0,0,0,0,0,0,0,0,0,0,0,0,0,8,0,0,0,0,0,0,0,0,0
397,xdf.cn,20180411,0,0,0,0,0,0,0,0,0,0,0,0,0,0,54,0,0,0,0,0,0,0,0,0
398,ubuntu.com,20180411,0,0,0,0,0,0,0,0,0,0,0,0,0,0,16,0,0,0,0,0,0,0,0,0
399,koolearn.com,20180411,0,0,0,0,0,0,0,0,0,0,0,0,0,0,8,0,0,0,0,0,0,0,0,0
400,51sole.com,20190411,0,0,0,0,0,0,0,0,0,0,4,14,0,15,1,13,23,0,0,0,11,10,10,51
401,runoob.com,20180411,0,0,0,0,0,0,0,0,0,0,0,0,0,0,11,0,0,0,0,0,0,0,0,0
402,ximalaya.com,20180411,0,0,0,0,0,0,0,0,0,0,0,0,0,0,24,0,0,0,0,0,0,0,0,0
403,microsoft.com,20190411,0,0,0,0,0,0,0,0,0,0,242765,304919,392928,358139,285029,253088,230359,179423,282182,105347,50067,36352,49503,55390
404,qiaobutang.com,20190411,0,0,0,0,0,0,0,0,0,0,33,134,123,33,84,83,74,72,57,174,332,193,75,89
405,iciba.com,20190411,0,0,0,0,0,0,0,0,0,0,2683,1805,1065,1284,3249,2955,3202,2160,1461,3009,3096,3346,2729,2622
406,xinhuanet.com,20190411,0,0,0,0,0,0,0,0,0,0,4383,3988,4356,4380,2340,2123,3999,6112,3871,4247,2013,2572,2217,2410
407,time-weekly.com,20190411,0,0,0,0,0,0,0,0,0,0,1131,1151,892,1161,1017,1066,938,1222,1159,897,1530,1089,945,1247
408,vivo.com.cn,20190411,0,0,0,0,0,0,0,0,0,0,11789,15844,14741,13534,13593,15978,12499,15865,17171,14820,15487,15176,14370,14147
409,youdao.com,20190411,0,0,0,0,0,0,0,0,0,0,56556,49177,20921,22484,36657,52832,52186,42166,25745,44695,52744,52402,38201,29170
410,qunar.com,20190411,0,0,0,0,0,0,0,0,0,0,827,815,501,536,989,1114,1176,878,691,964,388,762,1078,829
411,xuetangx.com,20190411,0,0,0,0,0,0,0,0,0,0,802,694,596,757,1401,1918,1522,1017,938,787,1111,605,792,1155
412,xunlei.com,20190411,0,0,0,0,0,0,0,0,0,0,19488,14387,15630,15925,16071,18345,17158,22517,29658,19034,16368,21458,15617,16521
413,jianguoyun.com,20190411,0,0,0,0,0,0,0,0,0,0,7310,8833,8001,5735,6584,8607,7521,8189,6397,7219,6813,6760,6217,6365
414,dianping.com,20190411,0,0,0,0,0,0,0,0,0,0,776,1262,650,526,453,425,839,1063,859,651,554,520,546,812
415,pplive.cn,20190411,0,0,0,0,0,0,0,0,0,0,838,1040,922,1021,716,607,576,1594,1336,1227,926,997,848,703
416,alibaba.com,20190411,0,0,0,0,0,0,0,0,0,0,27466,24225,22081,22992,21677,20652,17540,20394,21130,21432,19874,19598,19891,17458
417,dzwww.com,20190411,0,0,0,0,0,0,0,0,0,0,3281,3640,3543,3481,2614,1826,1047,1579,1623,2269,1172,948,589,1197
418,ubuntu.com,20190411,0,0,0,0,0,0,0,0,0,0,1266,1126,764,949,1267,1075,1255,1231,1397,1073,1224,1663,1067,1181
419,renren.com,20190411,0,0,0,0,0,0,0,0,0,0,359,163,158,166,298,1189,792,578,391,314,601,267,218,186
420,teamviewer.com,20190411,0,0,0,0,0,0,0,0,0,0,3760,3680,3515,4629,4499,4388,4139,4713,3877,3996,3955,3987,3686,3154
421,apple.com,20190411,0,0,0,0,0,0,0,0,0,0,8554,8386,8259,8339,7954,9423,9390,9805,9313,10223,9364,9227,8427,8153
422,google.com,20190411,0,0,0,0,0,0,0,0,0,0,280,4423,488,236,178,198,4861,6045,148,767,906,108,122,261
423,muchong.com,20190411,0,0,0,0,0,0,0,0,0,0,172,128,63,68,128,147,132,192,211,185,227,196,93,84
424,meizu.com,20190411,0,0,0,0,0,0,0,0,0,0,3880,3419,4198,4748,4455,5227,4077,4939,4947,4575,4054,4313,4455,4905
425,asahi.com,20190411,0,0,0,0,0,0,0,0,0,0,106,226,156,116,240,95,124,139,164,190,247,160,83,173
426,weibo.com,20190411,0,0,0,0,0,0,0,0,0,0,5111,5464,4686,4824,5122,6161,5783,5564,5691,6136,5855,5375,5187,6014
427,bilibili.com,20190411,0,0,0,0,0,0,0,0,0,0,3423,3961,5472,4270,3840,5548,4159,4954,6630,5521,5541,6520,7423,9748
428,doc88.com,20190411,0,0,0,0,0,0,0,0,0,0,2067,1392,743,1252,1154,1990,1848,1874,1438,2735,1963,2460,1387,1894
429,jjwxc.net,20190411,0,0,0,0,0,0,0,0,0,0,587,631,623,579,770,666,468,663,357,597,767,700,720,822
430,tianya.cn,20190411,0,0,0,0,0,0,0,0,0,0,236,135,194,220,168,370,214,179,141,143,97,162,174,200
431,miwifi.com,20190411,0,0,0,0,0,0,0,0,0,0,4674,4646,4474,4744,4225,5015,4473,5133,5199,6316,5392,5285,6017,5785
432,samsung.com.cn,20190411,0,0,0,0,0,0,0,0,0,0,235,677,695,367,279,269,378,1144,401,369,664,493,293,246
433,people.com.cn,20190411,0,0,0,0,0,0,0,0,0,0,6274,7276,7892,7703,7046,7128,5935,7372,6436,6159,6445,6937,5866,6285
434,cnblogs.com,20190411,0,0,0,0,0,0,0,0,0,0,495,426,193,287,416,866,806,590,302,632,599,810,420,353
435,xiaohongshu.com,20190411,0,0,0,0,0,0,0,0,0,0,9532,8836,8072,8236,6045,8211,8103,7473,5333,6730,10382,7317,7523,12356
436,china.org.cn,20190411,0,0,0,0,0,0,0,0,0,0,15641,16178,12407,16764,15542,16308,14765,17820,14639,18428,17519,17622,17518,19209
437,ximalaya.com,20190411,0,0,0,0,0,0,0,0,0,0,2458,2830,5004,5284,2721,2768,2679,3003,3357,3366,3240,2990,3572,4724
438,sina.com.cn,20190411,0,0,0,0,0,0,0,0,0,0,10774,9465,7685,8660,11304,10401,10596,9320,6403,7199,6837,7676,5673,4956
439,godaddy.com,20190411,0,0,0,0,0,0,0,0,0,0,298,218,165,144,212,256,270,203,206,243,257,265,216,186
440,lenovo.com.cn,20190411,0,0,0,0,0,0,0,0,0,0,963,827,635,532,1159,777,906,957,1019,1011,902,1058,1212,1003
441,ftchinese.com,20190411,0,0,0,0,0,0,0,0,0,0,3825,4497,2935,3151,2963,3124,3887,4910,3978,4174,3294,3180,2792,3136
442,zhihu.com,20190411,0,0,0,0,0,0,0,0,0,0,3677,3402,2473,2202,2780,3168,3129,4083,2600,2795,3007,2931,2546,3995
443,xiaomi.com,20190411,0,0,0,0,0,0,0,0,0,0,21354,20596,20041,19485,20480,23061,24726,22228,23250,30758,22689,19931,20577,19775
444,renren.com,20180411,0,0,0,0,0,0,0,0,0,0,0,0,0,0,7,0,0,0,0,0,0,0,0,0
445,samsung.com.cn,20180411,0,0,0,0,0,0,0,0,0,0,0,0,0,0,2,0,0,0,0,0,0,0,0,0
446,vmall.com,20190411,0,0,0,0,0,0,0,0,0,0,91,78,20,20,20,132,119,109,23,103,105,117,88,85
447,softonic.com,20190411,0,0,0,0,0,0,0,0,0,0,0,0,0,0,0,0,0,0,0,0,0,2,0,0
448,eol.cn,20180411,0,0,0,0,0,0,0,0,0,0,0,0,0,0,1,0,0,0,0,0,0,0,0,0
449,mozilla.org,20180411,0,0,0,0,0,0,0,0,0,0,0,0,0,0,1,0,0,0,0,0,0,0,0,0
450,zongheng.com,20190411,0,0,0,0,0,0,0,0,0,0,8,139,8,73,10,55,43,25,41,37,25,36,62,185
451,qingting.fm,20190411,0,0,0,0,0,0,0,0,0,0,478,357,422,719,405,256,252,704,475,366,261,430,389,645
452,icourse163.org,20180411,0,0,0,0,0,0,0,0,0,0,0,0,0,0,2,0,0,0,0,0,0,0,0,0
453,ithome.com,20190411,0,0,0,0,0,0,0,0,0,0,509,435,315,386,471,612,873,890,731,345,506,386,540,497
454,hp.com,20180411,0,0,0,0,0,0,0,0,0,0,0,0,0,0,1,0,0,0,0,0,0,0,0,0
455,xiami.com,20190411,0,0,0,0,0,0,0,0,0,0,629,475,614,504,1329,1170,876,566,357,734,852,873,560,1029
456,icourse163.org,20190411,0,0,0,0,0,0,0,0,0,0,249,179,204,127,407,306,144,137,322,464,155,46,70,139
457,smartisan.com,20190411,0,0,0,0,0,0,0,0,0,0,586,927,352,380,463,543,465,414,401,442,297,369,346,352
458,ctrip.com,20190411,0,0,0,0,0,0,0,0,0,0,311,149,143,196,244,289,111,108,74,96,143,103,199,207
459,douban.com,20190411,0,0,0,0,0,0,0,0,0,0,51,44,31,42,46,48,47,55,46,49,48,31,50,66
460,addthis.com,20190411,0,0,0,0,0,0,0,0,0,0,87,137,195,211,212,137,151,96,85,134,304,162,81,93
461,ups.com,20190411,0,0,0,0,0,0,0,0,0,0,0,0,0,0,0,0,0,0,0,0,4,3,0,0
462,qiniu.com,20190411,0,0,0,0,0,0,0,0,0,0,989,985,1025,1012,597,692,934,955,1317,684,1007,834,658,845
463,chaoxing.com,20190411,0,0,0,0,0,0,0,0,0,0,488,350,174,215,435,485,480,332,205,602,509,198,347,544
464,hexun.com,20190411,0,0,0,0,0,0,0,0,0,0,138,416,89,70,119,142,342,259,99,179,97,103,266,56
465,myfitnesspal.com,20190411,0,0,0,0,0,0,0,0,0,0,0,0,0,0,0,0,0,0,0,0,0,2,0,0
466,shanbay.com,20190411,0,0,0,0,0,0,0,0,0,0,0,3,0,4,6,1,3,0,2,2,2,0,1,0
467,jquery.com,20190411,0,0,0,0,0,0,0,0,0,0,38,16,8,21,28,40,32,30,25,14,35,43,16,19
468,smugmug.com,20190411,0,0,0,0,0,0,0,0,0,0,0,0,0,0,0,1,0,0,0,0,0,0,0,0
469,linkshrink.net,20190411,0,0,0,0,0,0,0,0,0,0,0,0,0,0,0,0,0,0,0,0,0,16,73,14
470,zdic.net,20190411,0,0,0,0,0,0,0,0,0,0,13,0,0,0,0,2,17,15,4,0,0,58,0,4
471,dianping.com,20180411,0,0,0,0,0,0,0,0,0,0,0,0,0,0,6,0,0,0,0,0,0,0,0,0
472,protect-your-privacy.net,20190411,0,0,0,0,0,0,0,0,0,0,0,0,0,0,0,0,0,0,0,0,0,2,0,1
473,mit.edu,20180411,0,0,0,0,0,0,0,0,0,0,0,0,0,0,1,0,0,0,0,0,0,0,0,0
474,mozilla.org,20190411,0,0,0,0,0,0,0,0,0,0,33,23,16,23,23,16,17,16,18,18,18,10,13,15
475,bootcss.com,20190411,0,0,0,0,0,0,0,0,0,0,16,41,23,22,32,40,38,23,15,31,17,23,8,23
476,miui.com,20190411,0,0,0,0,0,0,0,0,0,0,8734,10271,9553,8307,7774,11128,9142,11045,12304,9955,7954,7783,9190,9590
477,jd.com,20190411,0,0,0,0,0,0,0,0,0,0,1993,2395,2172,2564,2547,4425,2562,2950,2387,2156,2507,2656,3467,4570
478,cnki.net,20190411,0,0,0,0,0,0,0,0,0,0,19778,17852,7654,9375,17652,26194,27001,17561,11906,18944,21806,21989,16371,13158
479,yy.com,20190411,0,0,0,0,0,0,0,0,0,0,1084,1739,2259,1821,2154,2153,2007,2656,3734,7555,6505,7113,6249,5179
480,uc.cn,20190411,0,0,0,0,0,0,0,0,0,0,5170,5437,6364,6895,5960,5224,4723,5503,6699,5892,5538,5047,5301,6947
481,gmw.cn,20190411,0,0,0,0,0,0,0,0,0,0,1529,1373,1437,1587,1541,1810,1230,1802,1629,1826,1756,1642,1729,1781
482,msn.com,20190411,0,0,0,0,0,0,0,0,0,0,1296,1108,981,1188,1265,1465,1231,1315,1160,1375,1391,1404,1224,996
483,qy.net,20190411,0,0,0,0,0,0,0,0,0,0,22596,23880,35827,29859,27144,27447,27895,33636,39131,40050,36765,40351,47306,54628
484,kuwo.cn,20190411,0,0,0,0,0,0,0,0,0,0,4142,4384,3406,3442,4932,9409,8462,4583,4113,6473,6952,7065,5017,3424
485,runoob.com,20190411,0,0,0,0,0,0,0,0,0,0,499,475,150,252,555,486,717,493,266,640,499,571,730,425
486,pptv.com,20190411,0,0,0,0,0,0,0,0,0,0,1111,1233,1271,1256,823,985,806,1192,1338,1619,1489,1316,1301,1470
487,mi.com,20190411,0,0,0,0,0,0,0,0,0,0,1882,1424,986,685,1864,1487,1399,1332,1791,1750,2650,2822,1356,588
488,mafengwo.cn,20190411,0,0,0,0,0,0,0,0,0,0,517,352,231,242,609,622,357,134,256,114,142,126,187,109
489,huya.com,20190411,0,0,0,0,0,0,0,0,0,0,15630,27338,48691,40443,32883,29624,38321,48684,62539,76427,75001,81369,103721,142438
490,oppo.com,20190411,0,0,0,0,0,0,0,0,0,0,0,0,0,0,0,1,0,0,0,0,1,1,2,0
491,mob.com,20190411,0,0,0,0,0,0,0,0,0,0,4283,4557,4641,4824,4190,4705,4519,4770,4911,5471,5377,4898,4891,5248
492,so.com,20190411,0,0,0,0,0,0,0,0,0,0,1077,727,349,551,929,820,848,671,499,524,631,618,602,346
493,wps.cn,20190411,0,0,0,0,0,0,0,0,0,0,56688,50460,48802,44755,51651,58851,50889,51634,58244,66892,64183,76114,67447,52371
494,163.com,20190411,0,0,0,0,0,0,0,0,0,0,20085,20645,19964,23107,21233,24756,23714,27522,27441,32106,30836,32465,30787,27623
495,youth.cn,20190411,0,0,0,0,0,0,0,0,0,0,2976,3121,2654,3193,2940,3180,2857,3512,3026,3376,3280,3354,3300,3582
496,hp.com,20190411,0,0,0,0,0,0,0,0,0,0,104,183,426,186,202,505,1027,698,362,693,241,434,266,43
497,csdn.net,20190411,0,0,0,0,0,0,0,0,0,0,100,104,132,49,89,120,144,140,73,93,157,306,137,1849
498,1688.com,20190411,0,0,0,0,0,0,0,0,0,0,119,83,66,75,107,157,103,104,74,81,82,100,87,72
499,jianshu.com,20190411,0,0,0,0,0,0,0,0,0,0,1,0,0,1,0,0,1,1,0,0,0,1,0,0
500,yhd.com,20190411,0,0,0,0,0,0,0,0,0,0,1,1,0,0,2,2,0,0,3,2,1,0,0,4
501,4chan.org,20190411,0,0,0,0,0,0,0,0,0,0,0,0,0,0,0,0,0,0,0,2,0,1,1,0
502,monster.com,20190411,0,0,0,0,0,0,0,0,0,0,1,0,0,0,0,0,0,0,0,0,0,0,0,1
503,amazon.fr,20190411,0,0,0,0,0,0,0,0,0,0,0,0,0,0,0,0,0,0,0,1,0,0,0,0
504,xfinity.com,20190411,0,0,0,0,0,0,0,0,0,0,0,0,0,0,0,0,0,0,0,0,1,0,0,0
505,kissanime.ru,20190411,0,0,0,0,0,0,0,0,0,0,0,0,1,0,0,0,0,0,0,0,0,0,0,0
506,soso.com,20190411,0,0,0,0,0,0,0,0,0,0,43,44,17,18,35,22,50,34,37,55,59,79,46,51
507,126.com,20190411,0,0,0,0,0,0,0,0,0,0,103,87,56,62,114,117,168,86,117,126,140,171,149,121
508,ele.me,20190411,0,0,0,0,0,0,0,0,0,0,1196,2075,881,174,123,164,698,1286,1320,996,423,466,120,269
509,google.ca,20190411,0,0,0,0,0,0,0,0,0,0,0,0,0,0,0,0,0,0,0,0,0,0,4,0
510,spotify.com,20190411,0,0,0,0,0,0,0,0,0,0,3,6,5,7,8,7,1,4,11,7,5,7,7,9
511,valuecommerce.com,20190411,0,0,0,0,0,0,0,0,0,0,0,0,4,0,0,0,1,0,0,0,0,0,3,0
512,linuxidc.com,20190411,0,0,0,0,0,0,0,0,0,0,7,0,0,0,6,0,0,0,0,0,1,0,0,0
513,dict.cn,20180411,0,0,0,0,0,0,0,0,0,0,0,0,0,0,1,0,0,0,0,0,0,0,0,0
514,qiaobutang.com,20180411,0,0,0,0,0,0,0,0,0,0,0,0,0,0,1,0,0,0,0,0,0,0,0,0
515,xbox.com,20180411,0,0,0,0,0,0,0,0,0,0,0,0,0,0,3,0,0,0,0,0,0,0,0,0
516,bzw315.com,20190411,0,0,0,0,0,0,0,0,0,0,0,0,0,0,0,0,0,1,0,0,0,0,0,0
517,telegraph.co.uk,20190411,0,0,0,0,0,0,0,0,0,0,0,0,0,0,0,1,0,0,0,0,0,0,0,0
518,microsoftstore.com.cn,20190411,0,0,0,0,0,0,0,0,0,0,0,0,0,0,3,0,1,0,3,0,0,1,0,2
519,leo.org,20190411,0,0,0,0,0,0,0,0,0,0,0,0,0,0,0,1,0,0,0,0,0,0,0,0
520,rarbg.to,20190411,0,0,0,0,0,0,0,0,0,0,0,0,0,0,3,1,1,0,0,1,0,0,0,1
521,yifysubtitles.com,20190411,0,0,0,0,0,0,0,0,0,0,0,0,0,0,0,0,0,1,0,0,0,0,0,0
522,126.com,20180411,0,0,0,0,0,0,0,0,0,0,0,0,0,0,1,0,0,0,0,0,0,0,0,0
523,nowcoder.com,20180411,0,0,0,0,0,0,0,0,0,0,0,0,0,0,2,0,0,0,0,0,0,0,0,0
524,frdic.com,20190411,0,0,0,0,0,0,0,0,0,0,2916,1732,782,998,2440,2149,1644,1421,759,1012,1360,1469,1147,1779
525,gemius.pl,20190411,0,0,0,0,0,0,0,0,0,0,52,38,29,26,36,74,45,52,24,34,55,57,32,34
526,koolearn.com,20190411,0,0,0,0,0,0,0,0,0,0,177,213,134,248,267,485,281,400,303,497,330,312,476,274
527,4chan.org,20190412,0,0,0,0,0,0,0,0,0,0,0,0,0,0,1,0,0,0,0,0,0,0,1,0
528,xdf.cn,20190411,0,0,0,0,0,0,0,0,0,0,341,958,147,176,457,433,555,533,387,169,405,269,331,532
529,itools.cn,20190411,0,0,0,0,0,0,0,0,0,0,20,18,32,0,2,5,3,8,18,0,1,27,11,16
530,flightradar24.com,20190412,0,0,0,0,0,0,0,0,0,0,0,0,0,0,4,0,0,0,0,0,0,0,0,0
531,githubusercontent.com,20190411,0,0,0,0,0,0,0,0,0,0,0,0,0,2,6,0,0,1,0,0,0,0,2,4
532,myanimelist.net,20190411,0,0,0,0,0,0,0,0,0,0,0,0,0,0,0,0,0,0,0,0,0,0,0,1
533,clixsense.com,20190411,0,0,0,0,0,0,0,0,0,0,0,0,1,1,0,0,0,0,1,0,1,0,0,1
534,nationalgeographic.com,20190412,0,0,0,0,0,0,0,0,0,0,5,0,0,0,1,0,1,0,0,0,0,0,0,0
535,ieee.org,20190411,0,0,0,0,0,0,0,0,0,0,16,17,2,4,8,18,20,27,2,10,11,10,14,4
536,zcool.com.cn,20190411,0,0,0,0,0,0,0,0,0,0,2,0,0,1,0,0,1,0,0,2,0,0,1,2
537,jianshu.com,20190412,0,0,0,0,0,0,0,0,0,0,0,0,0,0,0,0,1,1,0,0,0,1,0,0
538,ibaotu.com,20190412,0,0,0,0,0,0,0,0,0,0,0,0,0,0,3,0,0,0,0,0,0,0,0,0
539,siteadvisor.com,20190412,0,0,0,0,0,0,0,0,0,0,0,0,0,0,1,0,0,1,0,0,0,0,0,0
540,lequipe.fr,20190412,0,0,0,0,0,0,0,0,0,0,0,0,0,0,0,0,0,0,0,0,0,0,0,0
541,kakao.com,20190411,0,0,0,0,0,0,0,0,0,0,0,0,0,0,0,0,0,0,0,0,0,0,0,1
542,spiceworks.com,20190412,0,0,0,0,0,0,0,0,0,0,0,0,0,0,0,0,0,0,0,0,0,0,0,0
543,githubusercontent.com,20190412,0,0,0,0,0,0,0,0,0,0,0,0,0,0,0,0,0,0,0,0,0,0,0,1
544,monster.com,20190412,0,0,0,0,0,0,0,0,0,0,0,0,0,0,0,0,0,0,0,0,0,0,0,0
545,amazon.de,20190412,0,0,0,0,0,0,0,0,0,0,0,0,0,0,0,0,0,0,0,0,0,0,0,0
546,gemius.pl,20190412,0,0,0,0,0,0,0,0,0,0,18,17,25,41,24,49,57,30,51,53,50,43,30,20
547,bongacams.com,20190412,0,0,0,0,0,0,0,0,0,0,0,0,0,0,0,0,0,0,0,0,0,0,0,0
548,github.com,20190412,0,0,0,0,0,0,0,0,0,0,0,1,0,2,0,4,2,0,1,1,1,3,3,3
549,shimo.im,20190412,0,0,0,0,0,0,0,0,0,0,0,0,0,0,0,0,0,0,0,0,0,0,0,0
550,usatoday.com,20190412,0,0,0,0,0,0,0,0,0,0,0,0,0,0,0,0,0,0,0,0,0,0,0,0
551,last.fm,20190412,0,0,0,0,0,0,0,0,0,0,0,0,0,1,0,0,0,0,0,1,0,0,0,0
552,archiveofourown.org,20190412,0,0,0,0,0,0,0,0,0,0,0,0,0,0,0,0,0,0,0,0,0,2,0,1
553,ask.com,20190412,0,0,0,0,0,0,0,0,0,0,0,0,0,0,0,0,0,0,0,1,0,0,0,0
554,softonic.com,20190412,0,0,0,0,0,0,0,0,0,0,0,0,0,0,0,0,0,0,0,0,0,1,0,0
555,foursquare.com,20190412,0,0,0,0,0,0,0,0,0,0,0,0,0,0,0,0,0,0,0,0,0,0,0,0
556,blockchain.info,20190412,0,0,0,0,0,0,0,0,0,0,0,0,0,0,0,0,0,0,0,0,0,0,0,0
557,fitbit.com,20190412,0,0,0,0,0,0,0,0,0,0,0,0,0,0,0,0,0,2,0,0,0,0,0,0
558,newegg.com,20190412,0,0,0,0,0,0,0,0,0,0,0,0,0,0,0,0,0,0,0,0,0,0,0,0
559,doublepimp.com,20190412,0,0,0,0,0,0,0,0,0,0,0,0,0,0,0,1,0,0,0,0,0,0,0,0
560,kalerkantho.com,20190412,0,0,0,0,0,0,0,0,0,0,0,0,0,0,0,75,262,346,0,0,0,0,0,0
561,leo.org,20190412,0,0,0,0,0,0,0,0,0,0,0,1,0,0,0,0,0,0,0,0,0,0,0,0
562,clipconverter.cc,20190412,0,0,0,0,0,0,0,0,0,0,0,5,0,1,0,0,1,0,0,1,0,0,0,0
563,chosun.com,20190412,0,0,0,0,0,0,0,0,0,0,0,0,24,0,0,0,0,0,0,0,0,0,0,0
564,tutorialspoint.com,20190412,0,0,0,0,0,0,0,0,0,0,0,0,0,0,7,0,0,0,0,0,0,0,0,0
565,w3cschool.cn,20190412,0,0,0,0,0,0,0,0,0,0,0,0,0,262,0,0,1,0,0,1,0,0,0,0
566,dawn.com,20190412,0,0,0,0,0,0,0,0,0,0,0,0,0,0,0,8,0,0,0,0,0,0,0,0
567,cnet.com,20190412,0,0,0,0,0,0,0,0,0,0,0,0,0,0,0,4,1,2,0,0,0,0,1,0
568,zara.com,20190412,0,0,0,0,0,0,0,0,0,0,0,0,0,0,5,0,5,0,0,0,0,0,0,0
569,tumblr.com,20190412,0,0,0,0,0,0,0,0,0,0,0,0,0,0,1,0,0,0,0,0,0,0,0,0
570,myfitnesspal.com,20190412,0,0,0,0,0,0,0,0,0,0,0,0,0,0,0,0,0,0,0,0,0,0,0,0
571,wired.com,20190412,0,0,0,0,0,0,0,0,0,0,0,0,0,0,0,0,0,0,0,0,0,0,0,0
572,rarbg.to,20190412,0,0,0,0,0,0,0,0,0,0,0,1,0,0,0,0,0,0,0,0,0,0,0,0
573,zcool.com.cn,20190412,0,0,0,0,0,0,0,0,0,0,0,0,1,0,1,1,0,0,0,3,0,0,0,0
574,xhamster.com,20190412,0,0,0,0,0,0,0,0,0,0,0,0,0,0,1,225,0,0,0,0,121,0,29,0
575,shutterstock.com,20190412,0,0,0,0,0,0,0,0,0,0,0,0,4,0,6,0,0,0,3,1,0,0,0,0
576,americanexpress.com,20190412,0,0,0,0,0,0,0,0,0,0,0,0,0,0,0,0,0,4,0,0,0,0,0,0
577,target.com,20190412,0,0,0,0,0,0,0,0,0,0,0,1,0,0,2,0,0,0,0,0,1,0,0,1
578,playstation.com,20190412,0,0,0,0,0,0,0,0,0,0,0,0,0,0,0,0,0,0,0,0,0,0,0,0
579,udacity.com,20190412,0,0,0,0,0,0,0,0,0,0,0,0,0,0,0,0,2,0,0,0,0,0,0,0
580,secureserver.net,20190412,0,0,0,0,0,0,0,0,0,0,0,0,0,0,0,1,0,1,0,0,0,0,0,0
581,yifysubtitles.com,20190412,0,0,0,0,0,0,0,0,0,0,2,0,0,0,0,0,3,18,0,0,0,0,1,0
582,tradedoubler.com,20190412,0,0,0,0,0,0,0,0,0,0,0,0,0,0,0,0,0,0,0,0,0,0,0,0
583,valuecommerce.com,20190412,0,0,0,0,0,0,0,0,0,0,0,0,0,0,0,0,0,3,0,0,0,5,0,0
584,meetup.com,20190412,0,0,0,0,0,0,0,0,0,0,0,0,0,0,0,0,0,1,0,0,0,0,0,0
585,deviantart.net,20190412,0,0,0,0,0,0,0,0,0,0,0,0,0,0,1,0,0,0,0,0,0,0,0,0
586,dailymail.co.uk,20190412,0,0,0,0,0,0,0,0,0,0,0,0,0,0,0,1,0,0,0,0,0,0,0,0
587,savefrom.net,20190412,0,0,0,0,0,0,0,0,0,0,0,0,0,0,0,0,1,0,0,0,0,0,0,0
588,chess.com,20190412,0,0,0,0,0,0,0,0,0,0,0,0,0,0,0,0,0,0,0,0,0,114,0,0
589,gsmarena.com,20190412,0,0,0,0,0,0,0,0,0,0,0,0,0,0,0,0,0,0,0,0,1,0,0,0
590,piriform.com,20190413,0,0,0,0,0,0,0,0,0,0,0,0,0,0,0,0,0,0,0,0,0,0,0,0
591,hujiang.com,20190413,0,0,0,0,0,0,0,0,0,0,0,0,0,0,0,0,0,0,0,0,0,0,0,0
592,koolearn.com,20190413,0,0,0,0,0,0,0,0,0,0,0,0,0,0,0,0,0,0,0,0,0,0,0,0
593,mama.cn,20190413,0,0,0,0,0,0,0,0,0,0,0,0,0,0,0,0,0,0,0,0,0,0,0,0
594,kooora.com,20190412,0,0,0,0,0,0,0,0,0,0,0,0,0,0,0,0,0,0,0,10,0,0,0,0
595,oeeee.com,20190413,0,0,0,0,0,0,0,0,0,0,0,0,0,0,0,0,0,0,0,0,0,0,0,0
596,guancha.cn,20190413,0,0,0,0,0,0,0,0,0,0,0,0,0,0,0,0,0,0,0,0,0,0,0,0
597,oppo.com,20190412,0,0,0,0,0,0,0,0,0,0,1,0,1,0,1,0,0,0,0,1,0,4,2,0
598,uniqlo.com,20190412,0,0,0,0,0,0,0,0,0,0,0,0,0,0,0,0,0,0,0,0,1,0,0,0
599,fastpic.ru,20190412,0,0,0,0,0,0,0,0,0,0,0,0,0,0,0,0,0,0,1,0,0,0,1,0
600,appledaily.com.tw,20190412,0,0,0,0,0,0,0,0,0,0,0,0,0,0,0,0,0,0,0,0,1,0,0,0
601,google.ca,20190412,0,0,0,0,0,0,0,0,0,0,0,0,0,0,0,0,0,0,0,1,0,0,0,0
602,clixsense.com,20190412,0,0,0,0,0,0,0,0,0,0,0,0,0,0,0,0,0,0,1,0,3,7,0,1
603,yhd.com,20190413,0,0,0,0,0,0,0,0,0,0,0,0,0,0,0,0,0,0,0,0,0,0,0,0
604,ups.com,20190413,0,0,0,0,0,0,0,0,0,0,0,0,0,0,0,0,0,0,0,0,0,0,0,0
605,51sole.com,20190413,0,0,0,0,0,0,0,0,0,0,0,0,0,0,0,0,0,0,0,0,0,0,0,0
606,oracle.com,20190413,0,0,0,0,0,0,0,0,0,0,0,0,0,0,0,0,0,0,0,0,0,0,0,0
607,cqvip.com,20190413,0,0,0,0,0,0,0,0,0,0,0,0,0,0,0,0,0,0,0,0,0,0,0,0
608,iobit.com,20190413,0,0,0,0,0,0,0,0,0,0,0,0,0,0,0,0,0,0,0,0,0,0,0,0
609,yahoo.co.jp,20190412,0,0,0,0,0,0,0,0,0,0,0,0,0,0,0,0,1,0,0,0,1,1,2,1
610,nowcoder.com,20190413,0,0,0,0,0,0,0,0,0,0,0,0,0,0,0,0,0,0,0,0,0,0,0,0
611,xbox.com,20190413,0,0,0,0,0,0,0,0,0,0,0,0,0,0,0,0,0,0,0,0,0,0,0,0
612,58pic.com,20190413,0,0,0,0,0,0,0,0,0,0,0,0,0,0,0,0,0,0,0,0,0,0,0,0
613,lianjia.com,20190413,0,0,0,0,0,0,0,0,0,0,0,0,0,0,0,0,0,0,0,0,0,0,0,0
614,amazon.de,20190413,0,0,0,0,0,0,0,0,0,0,0,0,0,0,0,0,0,0,0,0,0,0,0,0
615,meizu.com,20190413,0,0,0,0,0,0,0,0,0,0,0,0,0,0,0,0,0,0,0,0,0,0,0,0
616,xunlei.com,20190413,0,0,0,0,0,0,0,0,0,0,0,0,0,0,0,0,0,0,0,0,0,0,0,0
617,bilibili.com,20190413,0,0,0,0,0,0,0,0,0,0,0,0,0,0,0,0,0,0,0,0,0,0,0,0
618,zhihu.com,20190413,0,0,0,0,0,0,0,0,0,0,0,0,0,0,0,0,0,0,0,0,0,0,0,0
619,teamviewer.com,20190413,0,0,0,0,0,0,0,0,0,0,0,0,0,0,0,0,0,0,0,0,0,0,0,0
620,addthis.com,20190413,0,0,0,0,0,0,0,0,0,0,0,0,0,0,0,0,0,0,0,0,0,0,0,0
621,microsoft.com,20190413,0,0,0,0,0,0,0,0,0,0,0,0,0,0,0,0,0,0,0,0,0,0,0,0
622,youdao.com,20190413,0,0,0,0,0,0,0,0,0,0,0,0,0,0,0,0,0,0,0,0,0,0,0,0
623,china.org.cn,20190413,0,0,0,0,0,0,0,0,0,0,0,0,0,0,0,0,0,0,0,0,0,0,0,0
624,vivo.com.cn,20190413,0,0,0,0,0,0,0,0,0,0,0,0,0,0,0,0,0,0,0,0,0,0,0,0
625,ximalaya.com,20190413,0,0,0,0,0,0,0,0,0,0,0,0,0,0,0,0,0,0,0,0,0,0,0,0
626,xiaomi.com,20190413,0,0,0,0,0,0,0,0,0,0,0,0,0,0,0,0,0,0,0,0,0,0,0,0
627,xinhuanet.com,20190413,0,0,0,0,0,0,0,0,0,0,0,0,0,0,0,0,0,0,0,0,0,0,0,0
628,apple.com,20190413,0,0,0,0,0,0,0,0,0,0,0,0,0,0,0,0,0,0,0,0,0,0,0,0
629,people.com.cn,20190413,0,0,0,0,0,0,0,0,0,0,0,0,0,0,0,0,0,0,0,0,0,0,0,0
630,alibaba.com,20190413,0,0,0,0,0,0,0,0,0,0,0,0,0,0,0,0,0,0,0,0,0,0,0,0
631,dzwww.com,20190413,0,0,0,0,0,0,0,0,0,0,0,0,0,0,0,0,0,0,0,0,0,0,0,0
632,weibo.com,20190413,0,0,0,0,0,0,0,0,0,0,0,0,0,0,0,0,0,0,0,0,0,0,0,0
633,jjwxc.net,20190413,0,0,0,0,0,0,0,0,0,0,0,0,0,0,0,0,0,0,0,0,0,0,0,0
634,webofknowledge.com,20190413,0,0,0,0,0,0,0,0,0,0,0,0,0,0,0,0,0,0,0,0,0,0,0,0
635,lenovo.com.cn,20190413,0,0,0,0,0,0,0,0,0,0,0,0,0,0,0,0,0,0,0,0,0,0,0,0
636,jianguoyun.com,20190413,0,0,0,0,0,0,0,0,0,0,0,0,0,0,0,0,0,0,0,0,0,0,0,0
637,ubuntu.com,20190413,0,0,0,0,0,0,0,0,0,0,0,0,0,0,0,0,0,0,0,0,0,0,0,0
638,xuetangx.com,20190413,0,0,0,0,0,0,0,0,0,0,0,0,0,0,0,0,0,0,0,0,0,0,0,0
639,sina.com.cn,20190413,0,0,0,0,0,0,0,0,0,0,0,0,0,0,0,0,0,0,0,0,0,0,0,0
640,time-weekly.com,20190413,0,0,0,0,0,0,0,0,0,0,0,0,0,0,0,0,0,0,0,0,0,0,0,0
641,ftchinese.com,20190413,0,0,0,0,0,0,0,0,0,0,0,0,0,0,0,0,0,0,0,0,0,0,0,0
642,microsoftstore.com.cn,20190413,0,0,0,0,0,0,0,0,0,0,0,0,0,0,0,0,0,0,0,0,0,0,0,0
643,pplive.cn,20190413,0,0,0,0,0,0,0,0,0,0,0,0,0,0,0,0,0,0,0,0,0,0,0,0
644,qunar.com,20190413,0,0,0,0,0,0,0,0,0,0,0,0,0,0,0,0,0,0,0,0,0,0,0,0
645,guokr.com,20190413,0,0,0,0,0,0,0,0,0,0,0,0,0,0,0,0,0,0,0,0,0,0,0,0
646,zhaopin.com,20190413,0,0,0,0,0,0,0,0,0,0,0,0,0,0,0,0,0,0,0,0,0,0,0,0
647,mafengwo.cn,20190413,0,0,0,0,0,0,0,0,0,0,0,0,0,0,0,0,0,0,0,0,0,0,0,0
648,51cto.com,20190413,0,0,0,0,0,0,0,0,0,0,0,0,0,0,0,0,0,0,0,0,0,0,0,0
649,secureserver.net,20190413,0,0,0,0,0,0,0,0,0,0,0,0,0,0,0,0,0,0,0,0,0,0,0,0
650,newegg.com,20190413,0,0,0,0,0,0,0,0,0,0,0,0,0,0,0,0,0,0,0,0,0,0,0,0
651,renren.com,20190413,0,0,0,0,0,0,0,0,0,0,0,0,0,0,0,0,0,0,0,0,0,0,0,0
652,soundcloud.com,20190413,0,0,0,0,0,0,0,0,0,0,0,0,0,0,0,0,0,0,0,0,0,0,0,0
653,asahi.com,20190413,0,0,0,0,0,0,0,0,0,0,0,0,0,0,0,0,0,0,0,0,0,0,0,0
654,jb51.net,20190413,0,0,0,0,0,0,0,0,0,0,0,0,0,0,0,0,0,0,0,0,0,0,0,0
655,tianya.cn,20190413,0,0,0,0,0,0,0,0,0,0,0,0,0,0,0,0,0,0,0,0,0,0,0,0
656,smartisan.com,20190413,0,0,0,0,0,0,0,0,0,0,0,0,0,0,0,0,0,0,0,0,0,0,0,0
657,itools.cn,20190413,0,0,0,0,0,0,0,0,0,0,0,0,0,0,0,0,0,0,0,0,0,0,0,0
658,ithome.com,20190413,0,0,0,0,0,0,0,0,0,0,0,0,0,0,0,0,0,0,0,0,0,0,0,0
659,shanbay.com,20190413,0,0,0,0,0,0,0,0,0,0,0,0,0,0,0,0,0,0,0,0,0,0,0,0
660,gemius.pl,20190413,0,0,0,0,0,0,0,0,0,0,0,0,0,0,0,0,0,0,0,0,0,0,0,0
661,valuecommerce.com,20190413,0,0,0,0,0,0,0,0,0,0,0,0,0,0,0,0,0,0,0,0,0,0,0,0
662,dict.cn,20190413,0,0,0,0,0,0,0,0,0,0,0,0,0,0,0,0,0,0,0,0,0,0,0,0
663,patreon.com,20190412,0,0,0,0,0,0,0,0,0,0,0,0,0,0,0,0,0,0,0,0,0,0,1,0
664,coursera.org,20190413,0,0,0,0,0,0,0,0,0,0,0,0,0,0,0,0,0,0,0,0,0,0,0,0
665,wikimedia.org,20190413,0,0,0,0,0,0,0,0,0,0,0,0,0,0,0,0,0,0,0,0,0,0,0,0
666,readthedocs.io,20190413,0,0,0,0,0,0,0,0,0,0,0,0,0,0,0,0,0,0,0,0,0,0,0,0
667,processon.com,20190413,0,0,0,0,0,0,0,0,0,0,0,0,0,0,0,0,0,0,0,0,0,0,0,0
668,yhd.com,20190412,0,0,0,0,0,0,0,0,0,0,0,1,2,0,1,8,0,0,1,0,0,0,0,0
669,adidas.com,20190413,0,0,0,0,0,0,0,0,0,0,0,0,0,0,0,0,0,0,0,0,0,0,0,0
670,mydrivers.com,20190413,0,0,0,0,0,0,0,0,0,0,0,0,0,0,0,0,0,0,0,0,0,0,0,0
671,rapidgator.net,20190413,0,0,0,0,0,0,0,0,0,0,0,0,0,0,0,0,0,0,0,0,0,0,0,0
672,iop.org,20190413,0,0,0,0,0,0,0,0,0,0,0,0,0,0,0,0,0,0,0,0,0,0,0,0
673,clixsense.com,20190413,0,0,0,0,0,0,0,0,0,0,0,0,0,0,0,0,0,0,0,0,0,0,0,0
674,buffer.com,20190412,0,0,0,0,0,0,0,0,0,0,0,0,0,0,0,0,0,0,0,1,0,0,0,0
675,clipconverter.cc,20190413,0,0,0,0,0,0,0,0,0,0,0,0,0,0,0,0,0,0,0,0,0,0,0,0
676,kayak.com,20190413,0,0,0,0,0,0,0,0,0,0,0,0,0,0,0,0,0,0,0,0,0,0,0,0
677,huya.com,20190413,0,0,0,0,0,0,0,0,0,0,0,0,0,0,0,0,0,0,0,0,0,0,0,0
678,miui.com,20190413,0,0,0,0,0,0,0,0,0,0,0,0,0,0,0,0,0,0,0,0,0,0,0,0
679,google.com,20190413,0,0,0,0,0,0,0,0,0,0,0,0,0,0,0,0,0,0,0,0,0,0,0,0
680,dianping.com,20190413,0,0,0,0,0,0,0,0,0,0,0,0,0,0,0,0,0,0,0,0,0,0,0,0
681,msn.com,20190413,0,0,0,0,0,0,0,0,0,0,0,0,0,0,0,0,0,0,0,0,0,0,0,0
682,163.com,20190413,0,0,0,0,0,0,0,0,0,0,0,0,0,0,0,0,0,0,0,0,0,0,0,0
683,qy.net,20190413,0,0,0,0,0,0,0,0,0,0,0,0,0,0,0,0,0,0,0,0,0,0,0,0
684,mob.com,20190413,0,0,0,0,0,0,0,0,0,0,0,0,0,0,0,0,0,0,0,0,0,0,0,0
685,xiaohongshu.com,20190413,0,0,0,0,0,0,0,0,0,0,0,0,0,0,0,0,0,0,0,0,0,0,0,0
686,youth.cn,20190413,0,0,0,0,0,0,0,0,0,0,0,0,0,0,0,0,0,0,0,0,0,0,0,0
687,kuwo.cn,20190413,0,0,0,0,0,0,0,0,0,0,0,0,0,0,0,0,0,0,0,0,0,0,0,0
688,wps.cn,20190413,0,0,0,0,0,0,0,0,0,0,0,0,0,0,0,0,0,0,0,0,0,0,0,0
689,yy.com,20190413,0,0,0,0,0,0,0,0,0,0,0,0,0,0,0,0,0,0,0,0,0,0,0,0
690,iciba.com,20190413,0,0,0,0,0,0,0,0,0,0,0,0,0,0,0,0,0,0,0,0,0,0,0,0
691,mi.com,20190413,0,0,0,0,0,0,0,0,0,0,0,0,0,0,0,0,0,0,0,0,0,0,0,0
692,uc.cn,20190413,0,0,0,0,0,0,0,0,0,0,0,0,0,0,0,0,0,0,0,0,0,0,0,0
693,gmw.cn,20190413,0,0,0,0,0,0,0,0,0,0,0,0,0,0,0,0,0,0,0,0,0,0,0,0
694,pptv.com,20190413,0,0,0,0,0,0,0,0,0,0,0,0,0,0,0,0,0,0,0,0,0,0,0,0
695,jd.com,20190413,0,0,0,0,0,0,0,0,0,0,0,0,0,0,0,0,0,0,0,0,0,0,0,0
696,jquery.com,20190413,0,0,0,0,0,0,0,0,0,0,0,0,0,0,0,0,0,0,0,0,0,0,0,0
697,cnki.net,20190413,0,0,0,0,0,0,0,0,0,0,0,0,0,0,0,0,0,0,0,0,0,0,0,0
698,samsung.com.cn,20190413,0,0,0,0,0,0,0,0,0,0,0,0,0,0,0,0,0,0,0,0,0,0,0,0
699,chaoxing.com,20190413,0,0,0,0,0,0,0,0,0,0,0,0,0,0,0,0,0,0,0,0,0,0,0,0
700,ctrip.com,20190413,0,0,0,0,0,0,0,0,0,0,0,0,0,0,0,0,0,0,0,0,0,0,0,0
701,126.com,20190413,0,0,0,0,0,0,0,0,0,0,0,0,0,0,0,0,0,0,0,0,0,0,0,0
702,xiami.com,20190413,0,0,0,0,0,0,0,0,0,0,0,0,0,0,0,0,0,0,0,0,0,0,0,0
703,imooc.com,20190413,0,0,0,0,0,0,0,0,0,0,0,0,0,0,0,0,0,0,0,0,0,0,0,0
704,qiniu.com,20190413,0,0,0,0,0,0,0,0,0,0,0,0,0,0,0,0,0,0,0,0,0,0,0,0
705,so.com,20190413,0,0,0,0,0,0,0,0,0,0,0,0,0,0,0,0,0,0,0,0,0,0,0,0
706,sciencenet.cn,20190413,0,0,0,0,0,0,0,0,0,0,0,0,0,0,0,0,0,0,0,0,0,0,0,0
707,godaddy.com,20190413,0,0,0,0,0,0,0,0,0,0,0,0,0,0,0,0,0,0,0,0,0,0,0,0
708,fastpic.ru,20190413,0,0,0,0,0,0,0,0,0,0,0,0,0,0,0,0,0,0,0,0,0,0,0,0
709,bongacams.com,20190413,0,0,0,0,0,0,0,0,0,0,0,0,0,0,0,0,0,0,0,0,0,0,0,0
710,flightradar24.com,20190413,0,0,0,0,0,0,0,0,0,0,0,0,0,0,0,0,0,0,0,0,0,0,0,0
711,spiceworks.com,20190413,0,0,0,0,0,0,0,0,0,0,0,0,0,0,0,0,0,0,0,0,0,0,0,0
712,githubusercontent.com,20190413,0,0,0,0,0,0,0,0,0,0,0,0,0,0,0,0,0,0,0,0,0,0,0,0
713,mlb.com,20190413,0,0,0,0,0,0,0,0,0,0,0,0,0,0,0,0,0,0,0,0,0,0,0,0
714,dailymail.co.uk,20190413,0,0,0,0,0,0,0,0,0,0,0,0,0,0,0,0,0,0,0,0,0,0,0,0
715,jikexueyuan.com,20190413,0,0,0,0,0,0,0,0,0,0,0,0,0,0,0,0,0,0,0,0,0,0,0,0
716,agoda.com,20190413,0,0,0,0,0,0,0,0,0,0,0,0,0,0,0,0,0,0,0,0,0,0,0,0
717,zcool.com.cn,20190413,0,0,0,0,0,0,0,0,0,0,0,0,0,0,0,0,0,0,0,0,0,0,0,0
718,netflix.com,20190413,0,0,0,0,0,0,0,0,0,0,0,0,0,0,0,0,0,0,0,0,0,0,0,0
719,chsi.com.cn,20190413,0,0,0,0,0,0,0,0,0,0,0,0,0,0,0,0,0,0,0,0,0,0,0,0
720,spotscenered.info,20190413,0,0,0,0,0,0,0,0,0,0,0,0,0,0,0,0,0,0,0,0,0,0,0,0
721,ieee.org,20190413,0,0,0,0,0,0,0,0,0,0,0,0,0,0,0,0,0,0,0,0,0,0,0,0
722,yahoo.co.jp,20190413,0,0,0,0,0,0,0,0,0,0,0,0,0,0,0,0,0,0,0,0,0,0,0,0
723,protect-your-privacy.net,20190413,0,0,0,0,0,0,0,0,0,0,0,0,0,0,0,0,0,0,0,0,0,0,0,0
724,rightmove.co.uk,20190413,0,0,0,0,0,0,0,0,0,0,0,0,0,0,0,0,0,0,0,0,0,0,0,0
725,archiveofourown.org,20190413,0,0,0,0,0,0,0,0,0,0,0,0,0,0,0,0,0,0,0,0,0,0,0,0
726,dict.cc,20190413,0,0,0,0,0,0,0,0,0,0,0,0,0,0,0,0,0,0,0,0,0,0,0,0
727,livejasmin.com,20190413,0,0,0,0,0,0,0,0,0,0,0,0,0,0,0,0,0,0,0,0,0,0,0,0
728,redocn.com,20190413,0,0,0,0,0,0,0,0,0,0,0,0,0,0,0,0,0,0,0,0,0,0,0,0
729,target.com,20190413,0,0,0,0,0,0,0,0,0,0,0,0,0,0,0,0,0,0,0,0,0,0,0,0
730,plex.tv,20190412,0,0,0,0,0,0,0,0,0,0,0,0,0,0,1,0,0,0,1,1,1,0,1,0
731,mafengwo.cn,20190412,0,0,0,0,0,0,0,0,0,0,60,138,145,50,56,233,399,237,174,256,140,230,188,92
732,39.net,20190412,0,0,0,0,0,0,0,0,0,0,146,96,91,78,115,66,264,125,196,71,61,39,68,47
733,nowcoder.com,20190412,0,0,0,0,0,0,0,0,0,0,31,12,29,26,47,46,29,16,49,118,65,10,13,26
734,berkeley.edu,20190412,0,0,0,0,0,0,0,0,0,0,3,13,4,6,3,14,7,1,7,0,7,20,4,48
735,dict.cn,20190412,0,0,0,0,0,0,0,0,0,0,44,8,53,14,23,42,14,4,2,32,17,18,11,2
736,hujiang.com,20190412,0,0,0,0,0,0,0,0,0,0,26,10,14,21,13,20,45,15,9,35,47,34,95,32
737,51job.com,20190412,0,0,0,0,0,0,0,0,0,0,90,48,61,108,59,54,90,172,205,554,180,293,121,126
738,mydrivers.com,20190412,0,0,0,0,0,0,0,0,0,0,11,126,0,70,26,6,19,10,32,54,58,6,0,44
739,xdf.cn,20190412,0,0,0,0,0,0,0,0,0,0,382,133,325,178,267,308,410,548,825,585,815,508,854,624
740,visualstudio.com,20190412,0,0,0,0,0,0,0,0,0,0,21,32,59,53,44,52,40,42,26,22,48,60,59,30
741,mama.cn,20190412,0,0,0,0,0,0,0,0,0,0,26,54,30,18,0,20,59,0,25,9,0,9,27,0
742,imagebam.com,20190412,0,0,0,0,0,0,0,0,0,0,2,3,6,4,1,1,8,2,6,16,0,6,1,0
743,redocn.com,20190412,0,0,0,0,0,0,0,0,0,0,1,36,38,19,8,0,32,9,58,59,1,4,17,60
744,jikexueyuan.com,20190412,0,0,0,0,0,0,0,0,0,0,14,23,4,51,19,17,2,1,1,20,15,45,0,1
745,58pic.com,20190412,0,0,0,0,0,0,0,0,0,0,7,1,0,4,2,0,13,2,2,4,6,0,135,0
746,lianjia.com,20190412,0,0,0,0,0,0,0,0,0,0,48,5,17,3,8,7,5,13,16,15,11,16,5,23
747,52pk.com,20190412,0,0,0,0,0,0,0,0,0,0,0,21,37,108,16,6,37,12,8,119,75,61,44,23
748,oeeee.com,20190412,0,0,0,0,0,0,0,0,0,0,1,21,7,3,5,11,10,7,2,3,4,1,20,23
749,itools.cn,20190412,0,0,0,0,0,0,0,0,0,0,12,2,11,21,13,43,32,2,17,5,4,65,26,0
750,oracle.com,20190412,0,0,0,0,0,0,0,0,0,0,39,26,13,14,18,0,52,24,10,39,25,9,17,542
751,jb51.net,20190412,0,0,0,0,0,0,0,0,0,0,58,2,10,32,4,2,25,16,14,13,3,5,1,50
752,guokr.com,20190412,0,0,0,0,0,0,0,0,0,0,4,5,14,8,5,3,5,3,5,19,3,4,1,2
753,anjuke.com,20190412,0,0,0,0,0,0,0,0,0,0,4,4,0,1,3,0,4,1,0,0,0,3,1,1
754,processon.com,20190412,0,0,0,0,0,0,0,0,0,0,10,3,0,1,0,0,2,0,2,1,4,2,0,0
755,xbox.com,20190412,0,0,0,0,0,0,0,0,0,0,16,5,20,10,23,105,117,10,53,25,47,30,11,9
756,chsi.com.cn,20190412,0,0,0,0,0,0,0,0,0,0,1,7,2,3,3,5,6,3,0,4,4,1,3,1
757,ieee.org,20190412,0,0,0,0,0,0,0,0,0,0,17,11,6,4,12,18,15,19,13,24,15,18,12,2
758,spotscenered.info,20190412,0,0,0,0,0,0,0,0,0,0,4,0,1,0,3,0,0,0,0,0,0,0,0,0
759,81.cn,20190412,0,0,0,0,0,0,0,0,0,0,0,59,65,74,13,55,8,17,75,15,13,41,22,10
760,eol.cn,20190412,0,0,0,0,0,0,0,0,0,0,40,3,0,3,47,72,2,25,7,27,28,17,43,7
761,mit.edu,20190412,0,0,0,0,0,0,0,0,0,0,18,6,20,1,14,11,11,11,14,18,8,5,12,57
762,iobit.com,20190412,0,0,0,0,0,0,0,0,0,0,0,1,8,2,0,0,7,6,13,1,2,8,5,0
763,netflix.com,20190412,0,0,0,0,0,0,0,0,0,0,0,1,3,0,1,0,0,0,0,1,0,0,0,1
764,rapidgator.net,20190412,0,0,0,0,0,0,0,0,0,0,1,0,0,3,7,37,216,48,0,14,0,0,0,0
765,youboy.com,20190412,0,0,0,0,0,0,0,0,0,0,9,56,0,1,8,2,0,49,39,1,1,0,1,40
766,hjenglish.com,20190412,0,0,0,0,0,0,0,0,0,0,8,1,2,1,3,0,5,2,0,1,1,3,5,9
767,shanbay.com,20190412,0,0,0,0,0,0,0,0,0,0,1,1,0,64,0,1,3,2,4,0,0,0,1,2
768,ci123.com,20190412,0,0,0,0,0,0,0,0,0,0,0,219,65,141,142,80,274,185,206,430,242,143,215,202
769,paypal.com,20190412,0,0,0,0,0,0,0,0,0,0,0,3,1,0,0,1,1,0,3,1,2,1,2,0
770,mozilla.org,20190412,0,0,0,0,0,0,0,0,0,0,1,2,1,0,5,1,2,1,1,2,1,1,2,0
771,readthedocs.io,20190412,0,0,0,0,0,0,0,0,0,0,1,4,2,0,0,1,3,0,10,1,1,0,2,0
772,iop.org,20190412,0,0,0,0,0,0,0,0,0,0,6,2,0,9,4,5,9,3,0,4,4,1,16,1
773,piriform.com,20190412,0,0,0,0,0,0,0,0,0,0,0,1,0,0,1,1,8,0,2,2,3,4,4,0
774,zdic.net,20190412,0,0,0,0,0,0,0,0,0,0,33,0,0,16,0,8,0,42,7,13,1,112,0,3
775,soundcloud.com,20190412,0,0,0,0,0,0,0,0,0,0,1,1,1,1,0,0,1,1,0,7,2,0,4,2
776,coursera.org,20190412,0,0,0,0,0,0,0,0,0,0,0,1,0,3,0,1,2,0,1,1,1,0,0,0
777,wikimedia.org,20190412,0,0,0,0,0,0,0,0,0,0,0,6,0,1,2,7,2,3,0,0,0,7,0,0
778,51sole.com,20190412,0,0,0,0,0,0,0,0,0,0,7,0,0,14,0,9,8,16,0,0,2,41,24,15
779,office.com,20190412,0,0,0,0,0,0,0,0,0,0,0,0,1,2,2,19,11,0,20,10,0,1,0,18
780,agoda.com,20190412,0,0,0,0,0,0,0,0,0,0,0,0,1,0,0,2,1,1,1,0,1,0,2,1
781,force.com,20190412,0,0,0,0,0,0,0,0,0,0,9,11,0,0,0,0,2,0,5,7,0,0,0,12
782,webofknowledge.com,20190412,0,0,0,0,0,0,0,0,0,0,1210,617,559,778,1147,1962,1644,1407,385,2033,1176,1120,1009,570
783,chinadaily.com.cn,20190412,0,0,0,0,0,0,0,0,0,0,3393,5164,7146,7230,4758,7191,7535,9034,9111,10945,8546,7117,8760,9254
784,wanfangdata.com.cn,20190412,0,0,0,0,0,0,0,0,0,0,1868,1980,1287,2182,2686,2702,3463,3062,2017,1841,1492,2244,1498,1062
785,addthis.com,20190412,0,0,0,0,0,0,0,0,0,0,63,108,180,177,130,196,257,192,116,148,150,193,112,54
786,renren.com,20190412,0,0,0,0,0,0,0,0,0,0,42,95,195,176,346,338,457,315,102,115,147,295,227,145
787,samsung.com.cn,20190412,0,0,0,0,0,0,0,0,0,0,100,276,430,233,240,327,572,506,386,757,288,274,381,248
788,people.com.cn,20190412,0,0,0,0,0,0,0,0,0,0,3468,5675,9002,7833,6099,5590,6190,6877,7087,7099,6616,6962,7016,6848
789,xinhuanet.com,20190412,0,0,0,0,0,0,0,0,0,0,1967,3051,4754,4549,1874,1722,3334,5728,4414,2664,1986,2462,2205,2597
790,xuetangx.com,20190412,0,0,0,0,0,0,0,0,0,0,517,364,903,625,711,522,365,1354,538,2190,1246,1408,2151,761
791,weibo.com,20190412,0,0,0,0,0,0,0,0,0,0,2844,3590,5427,5262,4775,6141,4840,4979,4452,4914,4991,5503,5587,5914
792,china.org.cn,20190412,0,0,0,0,0,0,0,0,0,0,8213,11854,13981,18324,14053,14188,14632,17281,15751,20252,16901,18571,18741,19041
793,godaddy.com,20190412,0,0,0,0,0,0,0,0,0,0,189,138,165,153,200,254,218,217,150,269,191,195,160,117
794,ithome.com,20190412,0,0,0,0,0,0,0,0,0,0,373,122,315,462,230,279,257,610,198,338,387,325,292,324
795,cnblogs.com,20190412,0,0,0,0,0,0,0,0,0,0,240,250,190,294,380,434,469,449,305,570,477,368,461,172
796,meizu.com,20190412,0,0,0,0,0,0,0,0,0,0,2171,3077,4657,4666,3592,4094,4265,4544,5214,5692,4791,4985,4985,6091
797,bilibili.com,20190412,0,0,0,0,0,0,0,0,0,0,2022,2910,6460,4852,3201,3998,3734,5177,5878,5578,4772,6498,7998,16077
798,alibaba.com,20190412,0,0,0,0,0,0,0,0,0,0,13166,16308,22447,21636,17541,19239,19794,19790,20321,23100,19531,20673,21387,17109
799,jjwxc.net,20190412,0,0,0,0,0,0,0,0,0,0,352,430,435,586,470,428,556,519,499,559,655,597,693,822
800,chaoxing.com,20190412,0,0,0,0,0,0,0,0,0,0,306,298,443,359,381,469,356,515,324,247,171,136,391,155
801,xiaomi.com,20190412,0,0,0,0,0,0,0,0,0,0,9657,19082,22894,21122,15527,18819,18346,21022,21246,34664,36833,32964,24380,25924
802,microsoft.com,20190412,0,0,0,0,0,0,0,0,0,0,107757,122265,256343,185604,152412,148587,152236,132076,185625,79402,36603,43654,52613,51462
803,pplive.cn,20190412,0,0,0,0,0,0,0,0,0,0,382,292,544,712,431,431,498,866,1111,1629,1761,1010,782,699
804,sina.com.cn,20190412,0,0,0,0,0,0,0,0,0,0,5051,5634,6398,7947,7495,8731,7812,7450,5723,5912,6032,6377,5496,4547
805,teamviewer.com,20190412,0,0,0,0,0,0,0,0,0,0,1860,3060,4314,4835,20736,12882,11246,10195,9093,9978,7797,8340,7536,6824
806,xunlei.com,20190412,0,0,0,0,0,0,0,0,0,0,8611,15762,24641,28897,14133,11951,14916,16873,16938,28629,18557,19603,17599,12883
807,google.com,20190412,0,0,0,0,0,0,0,0,0,0,123,86,173,118,97,80,120,117,136,156,145,81,105,123
808,ximalaya.com,20190412,0,0,0,0,0,0,0,0,0,0,1809,2634,4883,4039,2307,2253,2328,2486,2946,2787,2452,2742,2812,4730
809,time-weekly.com,20190412,0,0,0,0,0,0,0,0,0,0,540,931,1191,1095,891,985,977,1335,1454,1578,1191,1552,1407,1373
810,miwifi.com,20190412,0,0,0,0,0,0,0,0,0,0,2120,3142,4382,4554,3222,3482,3568,4594,4459,5476,4237,4551,4500,4547
811,dianping.com,20190412,0,0,0,0,0,0,0,0,0,0,219,544,866,784,570,731,1121,1400,913,810,783,464,491,380
812,ubuntu.com,20190412,0,0,0,0,0,0,0,0,0,0,695,765,981,1149,1130,1289,1816,2041,1345,1475,1680,1451,1821,1057
813,qunar.com,20190412,0,0,0,0,0,0,0,0,0,0,255,772,929,695,764,443,522,455,1000,1043,769,1510,1226,1435
814,iciba.com,20190412,0,0,0,0,0,0,0,0,0,0,1684,970,1935,1297,1935,2143,2590,2106,1043,1871,2528,2055,1637,1893
815,doc88.com,20190412,0,0,0,0,0,0,0,0,0,0,928,700,1742,893,1401,1894,2469,1495,1247,1938,1329,1422,1405,1172
816,vivo.com.cn,20190412,0,0,0,0,0,0,0,0,0,0,6727,12374,18829,15858,10270,11654,11404,15177,17222,15878,12991,12565,13064,13693
817,lenovo.com.cn,20190412,0,0,0,0,0,0,0,0,0,0,424,683,1006,1013,871,1295,1063,981,886,841,752,776,782,425
818,apple.com,20190412,0,0,0,0,0,0,0,0,0,0,5202,6508,10596,8690,7187,7995,7549,8028,7639,8415,6932,7767,9914,7765
819,ftchinese.com,20190412,0,0,0,0,0,0,0,0,0,0,2440,2846,3085,2748,2491,2542,3393,4169,3112,3720,2828,3118,2318,2463
820,qingting.fm,20190412,0,0,0,0,0,0,0,0,0,0,417,628,988,1520,1080,607,433,370,474,565,719,295,428,378
821,youdao.com,20190412,0,0,0,0,0,0,0,0,0,0,27616,22928,20165,23700,30775,46934,49123,38006,23772,36813,34529,37579,29068,19704
822,zhihu.com,20190412,0,0,0,0,0,0,0,0,0,0,1552,2230,3018,2461,2361,2821,2903,3165,2560,2663,2624,2243,2457,3813
823,xiaohongshu.com,20190412,0,0,0,0,0,0,0,0,0,0,3243,4697,5571,8432,7174,7168,7330,6047,6039,8379,8250,8547,8872,12462
824,dzwww.com,20190412,0,0,0,0,0,0,0,0,0,0,1285,2523,3913,4200,2778,2386,1035,1063,1657,1766,1996,1584,1048,693
825,jianguoyun.com,20190412,0,0,0,0,0,0,0,0,0,0,3165,4313,5852,6090,5050,5680,5651,7176,5989,6394,5610,6324,6087,5510
826,frdic.com,20190412,0,0,0,0,0,0,0,0,0,0,860,403,625,930,946,1140,1384,762,547,1324,732,475,445,508
827,asahi.com,20190412,0,0,0,0,0,0,0,0,0,0,96,39,56,221,130,132,57,128,182,205,90,233,175,68
828,qiniu.com,20190412,0,0,0,0,0,0,0,0,0,0,217,585,992,685,502,1055,384,751,1251,1359,841,1466,945,1346
829,ctrip.com,20190412,0,0,0,0,0,0,0,0,0,0,100,143,234,148,182,172,135,238,152,156,69,118,89,136
830,tianya.cn,20190412,0,0,0,0,0,0,0,0,0,0,139,201,160,302,234,266,323,327,135,185,192,168,83,118
831,smartisan.com,20190412,0,0,0,0,0,0,0,0,0,0,462,1289,510,316,332,425,264,681,390,238,341,529,387,423
832,imooc.com,20190412,0,0,0,0,0,0,0,0,0,0,20,17,52,36,34,27,69,39,32,30,143,32,69,84
833,jquery.com,20190412,0,0,0,0,0,0,0,0,0,0,21,24,18,25,20,34,38,21,20,16,22,13,16,10
834,sciencenet.cn,20190412,0,0,0,0,0,0,0,0,0,0,193,228,210,283,250,253,310,241,268,145,142,288,117,95
835,muchong.com,20190412,0,0,0,0,0,0,0,0,0,0,80,31,68,73,69,94,157,124,62,82,95,96,64,33
836,douban.com,20190412,0,0,0,0,0,0,0,0,0,0,18,30,47,47,45,32,42,41,36,57,48,29,47,43
837,cnki.net,20190412,0,0,0,0,0,0,0,0,0,0,11393,8212,6725,11451,12695,18101,19062,15486,9085,15902,12849,15324,12526,7292
838,koolearn.com,20190412,0,0,0,0,0,0,0,0,0,0,130,107,128,161,248,215,266,173,47,310,337,200,335,142
839,mi.com,20190412,0,0,0,0,0,0,0,0,0,0,1812,704,1820,1250,1249,606,1045,1171,1139,1482,998,1086,6666,3132
840,miui.com,20190412,0,0,0,0,0,0,0,0,0,0,4748,7056,10212,10295,6643,7775,7106,10171,9922,9131,7938,8548,9282,9236
841,kuwo.cn,20190412,0,0,0,0,0,0,0,0,0,0,3662,3413,5235,3864,3448,4292,4568,4234,3867,4684,3915,4063,4687,2859
842,yy.com,20190412,0,0,0,0,0,0,0,0,0,0,392,1118,1868,2488,1931,2381,2536,2832,4990,8209,6906,7517,6581,6368
843,jd.com,20190412,0,0,0,0,0,0,0,0,0,0,1549,1759,2430,2627,2352,2446,3125,2369,1761,2606,2306,3766,3090,1761
844,so.com,20190412,0,0,0,0,0,0,0,0,0,0,408,337,438,355,507,532,689,584,422,616,653,503,431,318
845,uc.cn,20190412,0,0,0,0,0,0,0,0,0,0,2602,4240,6475,7242,5160,5157,4343,4665,4355,4957,4538,4397,4942,7175
846,qy.net,20190412,0,0,0,0,0,0,0,0,0,0,11283,19967,42240,35678,22008,22839,25451,33102,37782,38168,40254,48425,53204,60493
847,gmw.cn,20190412,0,0,0,0,0,0,0,0,0,0,767,1068,1505,1626,1199,1412,1303,1623,1604,1797,1660,1529,1728,1497
848,zongheng.com,20190412,0,0,0,0,0,0,0,0,0,0,3,11,84,38,80,284,48,61,27,53,55,54,91,33
849,wps.cn,20190412,0,0,0,0,0,0,0,0,0,0,31885,35780,55459,48301,40740,36739,46875,46558,46031,58991,47973,59225,59232,45927
850,youth.cn,20190412,0,0,0,0,0,0,0,0,0,0,1673,2233,2971,3394,2640,2742,2701,3290,3224,3726,3166,3339,3433,3515
851,163.com,20190412,0,0,0,0,0,0,0,0,0,0,9994,14754,23301,24147,17696,20659,21781,23570,24952,29316,26836,28277,36401,24003
852,pptv.com,20190412,0,0,0,0,0,0,0,0,0,0,318,788,901,1064,890,724,943,1145,1295,2089,2021,1431,1304,1171
853,msn.com,20190412,0,0,0,0,0,0,0,0,0,0,641,854,1110,1150,1355,1207,1235,1295,1251,1526,1127,1245,1303,798
854,mob.com,20190412,0,0,0,0,0,0,0,0,0,0,2794,2877,4677,4356,2778,3602,3204,3834,3785,4601,4421,5143,5007,4991
855,huya.com,20190412,0,0,0,0,0,0,0,0,0,0,10014,24545,53877,48935,21611,24352,32913,35779,55605,72694,63188,66543,97608,104868
856,126.com,20190412,0,0,0,0,0,0,0,0,0,0,52,111,250,143,86,310,1110,165,90,156,95,70,113,78
857,csdn.net,20190412,0,0,0,0,0,0,0,0,0,0,71,48,46,1237,102,123,77,109,46,206,158,85,107,59
858,1688.com,20190412,0,0,0,0,0,0,0,0,0,0,55,54,70,61,74,109,83,110,68,104,61,79,112,58
859,guancha.cn,20190412,0,0,0,0,0,0,0,0,0,0,6,17,19,42,33,30,30,44,19,34,19,24,23,15
860,xiami.com,20190412,0,0,0,0,0,0,0,0,0,0,205,291,290,239,291,239,262,247,86,155,566,940,417,577
861,hp.com,20190412,0,0,0,0,0,0,0,0,0,0,317,134,458,255,341,332,545,190,321,657,421,187,123,91
862,vmall.com,20190412,0,0,0,0,0,0,0,0,0,0,133,47,179,109,108,103,126,67,114,42,88,10,185,126
863,linuxidc.com,20190412,0,0,0,0,0,0,0,0,0,0,0,0,0,0,5,5,3,0,0,1,1,0,0,0
864,qiaobutang.com,20190412,0,0,0,0,0,0,0,0,0,0,38,46,54,98,43,52,185,115,28,46,46,148,99,15
865,soso.com,20190412,0,0,0,0,0,0,0,0,0,0,13,50,31,26,26,45,39,40,18,45,37,40,28,79
866,spotify.com,20190412,0,0,0,0,0,0,0,0,0,0,1,13,9,8,7,4,7,11,17,8,7,3,6,1
867,icourse163.org,20190412,0,0,0,0,0,0,0,0,0,0,32,106,117,66,83,143,227,153,117,124,140,34,169,19
868,zdic.net,20190413,0,0,0,0,0,0,0,0,0,0,0,0,0,0,0,0,0,0,0,0,0,0,0,0
869,jumei.com,20190412,0,0,0,0,0,0,0,0,0,0,17,30,93,147,40,60,98,51,178,189,119,29,41,7
870,hjenglish.com,20190413,0,0,0,0,0,0,0,0,0,0,0,0,0,0,0,0,0,0,0,0,0,0,0,0
871,plex.tv,20190413,0,0,0,0,0,0,0,0,0,0,0,0,0,0,0,0,0,0,0,0,0,0,0,0
872,runoob.com,20190412,0,0,0,0,0,0,0,0,0,0,227,215,244,223,293,385,449,419,352,476,559,456,387,370
873,book118.com,20190412,0,0,0,0,0,0,0,0,0,0,18,10,10,36,66,32,15,10,177,178,167,197,196,182
874,ele.me,20190412,0,0,0,0,0,0,0,0,0,0,402,1592,1203,408,351,637,749,1412,1142,899,332,215,324,842
875,51cto.com,20190412,0,0,0,0,0,0,0,0,0,0,25,32,16,36,8,16,56,61,60,75,100,86,71,31
876,zhaopin.com,20190412,0,0,0,0,0,0,0,0,0,0,76,113,59,46,22,134,218,68,211,109,67,323,45,95
877,cqvip.com,20190412,0,0,0,0,0,0,0,0,0,0,212,192,580,105,229,223,216,349,156,194,236,331,174,134
878,wanfangdata.com.cn,20190413,0,0,0,0,0,0,0,0,0,0,0,0,0,0,0,0,0,0,0,0,0,0,0,0
879,chinadaily.com.cn,20190413,0,0,0,0,0,0,0,0,0,0,0,0,0,0,0,0,0,0,0,0,0,0,0,0
880,mit.edu,20190413,0,0,0,0,0,0,0,0,0,0,0,0,0,0,0,0,0,0,0,0,0,0,0,0
881,book118.com,20190413,0,0,0,0,0,0,0,0,0,0,0,0,0,0,0,0,0,0,0,0,0,0,0,0
882,39.net,20190413,0,0,0,0,0,0,0,0,0,0,0,0,0,0,0,0,0,0,0,0,0,0,0,0
883,bootcss.com,20190412,0,0,0,0,0,0,0,0,0,0,13,24,34,19,39,41,28,6,21,24,17,30,15,9
884,youboy.com,20190413,0,0,0,0,0,0,0,0,0,0,0,0,0,0,0,0,0,0,0,0,0,0,0,0
885,51job.com,20190413,0,0,0,0,0,0,0,0,0,0,0,0,0,0,0,0,0,0,0,0,0,0,0,0
886,52pk.com,20190413,0,0,0,0,0,0,0,0,0,0,0,0,0,0,0,0,0,0,0,0,0,0,0,0
887,81.cn,20190413,0,0,0,0,0,0,0,0,0,0,0,0,0,0,0,0,0,0,0,0,0,0,0,0
888,oppo.com,20190413,0,0,0,0,0,0,0,0,0,0,0,0,0,0,0,0,0,0,0,0,0,0,0,0
889,xhamster.com,20190413,0,0,0,0,0,0,0,0,0,0,0,0,0,0,0,0,0,0,0,0,0,0,0,0
890,hexun.com,20190412,0,0,0,0,0,0,0,0,0,0,361,203,255,214,162,315,250,258,201,401,244,15,37,32
891,microsoftstore.com.cn,20190412,0,0,0,0,0,0,0,0,0,0,0,0,0,0,0,0,0,1,0,0,0,0,1,0
892,linkedin.com,20190412,0,0,0,0,0,0,0,0,0,0,1,1,3,32,1,8,5,11,1,2,2,2,1,1
893,berkeley.edu,20190413,0,0,0,0,0,0,0,0,0,0,0,0,0,0,0,0,0,0,0,0,0,0,0,0
894,qingting.fm,20190413,0,0,0,0,0,0,0,0,0,0,0,0,0,0,0,0,0,0,0,0,0,0,0,0
895,miwifi.com,20190413,0,0,0,0,0,0,0,0,0,0,0,0,0,0,0,0,0,0,0,0,0,0,0,0
896,runoob.com,20190413,0,0,0,0,0,0,0,0,0,0,0,0,0,0,0,0,0,0,0,0,0,0,0,0
897,1688.com,20190413,0,0,0,0,0,0,0,0,0,0,0,0,0,0,0,0,0,0,0,0,0,0,0,0
898,qiaobutang.com,20190413,0,0,0,0,0,0,0,0,0,0,0,0,0,0,0,0,0,0,0,0,0,0,0,0
899,ci123.com,20190413,0,0,0,0,0,0,0,0,0,0,0,0,0,0,0,0,0,0,0,0,0,0,0,0
900,ele.me,20190413,0,0,0,0,0,0,0,0,0,0,0,0,0,0,0,0,0,0,0,0,0,0,0,0
901,muchong.com,20190413,0,0,0,0,0,0,0,0,0,0,0,0,0,0,0,0,0,0,0,0,0,0,0,0
902,csdn.net,20190413,0,0,0,0,0,0,0,0,0,0,0,0,0,0,0,0,0,0,0,0,0,0,0,0
903,jianshu.com,20190413,0,0,0,0,0,0,0,0,0,0,0,0,0,0,0,0,0,0,0,0,0,0,0,0
904,github.com,20190413,0,0,0,0,0,0,0,0,0,0,0,0,0,0,0,0,0,0,0,0,0,0,0,0
905,spotify.com,20190413,0,0,0,0,0,0,0,0,0,0,0,0,0,0,0,0,0,0,0,0,0,0,0,0
906,linuxidc.com,20190413,0,0,0,0,0,0,0,0,0,0,0,0,0,0,0,0,0,0,0,0,0,0,0,0
907,douban.com,20190413,0,0,0,0,0,0,0,0,0,0,0,0,0,0,0,0,0,0,0,0,0,0,0,0
908,bootcss.com,20190413,0,0,0,0,0,0,0,0,0,0,0,0,0,0,0,0,0,0,0,0,0,0,0,0
909,cnblogs.com,20190413,0,0,0,0,0,0,0,0,0,0,0,0,0,0,0,0,0,0,0,0,0,0,0,0
910,zongheng.com,20190413,0,0,0,0,0,0,0,0,0,0,0,0,0,0,0,0,0,0,0,0,0,0,0,0
911,soso.com,20190413,0,0,0,0,0,0,0,0,0,0,0,0,0,0,0,0,0,0,0,0,0,0,0,0
912,icourse163.org,20190413,0,0,0,0,0,0,0,0,0,0,0,0,0,0,0,0,0,0,0,0,0,0,0,0
913,doc88.com,20190413,0,0,0,0,0,0,0,0,0,0,0,0,0,0,0,0,0,0,0,0,0,0,0,0
914,linkedin.com,20190413,0,0,0,0,0,0,0,0,0,0,0,0,0,0,0,0,0,0,0,0,0,0,0,0
915,vmall.com,20190413,0,0,0,0,0,0,0,0,0,0,0,0,0,0,0,0,0,0,0,0,0,0,0,0
916,imagebam.com,20190413,0,0,0,0,0,0,0,0,0,0,0,0,0,0,0,0,0,0,0,0,0,0,0,0
917,mozilla.org,20190413,0,0,0,0,0,0,0,0,0,0,0,0,0,0,0,0,0,0,0,0,0,0,0,0
918,paypal.com,20190413,0,0,0,0,0,0,0,0,0,0,0,0,0,0,0,0,0,0,0,0,0,0,0,0
919,xdf.cn,20190413,0,0,0,0,0,0,0,0,0,0,0,0,0,0,0,0,0,0,0,0,0,0,0,0
920,jumei.com,20190413,0,0,0,0,0,0,0,0,0,0,0,0,0,0,0,0,0,0,0,0,0,0,0,0
921,frdic.com,20190413,0,0,0,0,0,0,0,0,0,0,0,0,0,0,0,0,0,0,0,0,0,0,0,0
922,hp.com,20190413,0,0,0,0,0,0,0,0,0,0,0,0,0,0,0,0,0,0,0,0,0,0,0,0
923,doublepimp.com,20190413,0,0,0,0,0,0,0,0,0,0,0,0,0,0,0,0,0,0,0,0,0,0,0,0
924,anjuke.com,20190413,0,0,0,0,0,0,0,0,0,0,0,0,0,0,0,0,0,0,0,0,0,0,0,0
925,hexun.com,20190413,0,0,0,0,0,0,0,0,0,0,0,0,0,0,0,0,0,0,0,0,0,0,0,0
