,domain,ip_count,subdomain_count,number_of_domains,ip_entropy,subdomain_entropy,change_numbers,change_duration_mean,change_duration_std,change_amp,domain_len,domain_name_entropy,digit_number,digit_number_ratio,digit_group,word_group,longest_substring_ratio,left_days,alive_days,update_days,label
0,instagram.com,0,0,0,0.0,0.0,0.0,0.0,0.0,0.0,13,44.10571633583419,0,0.0,0,3,0.38461538461538464,5463.0,5463.0,445.0,0
1,abril.com.br,0,0,0,0.0,0.0,,,,,12,37.019550008653866,0,0.0,0,3,0.4166666666666667,,,,0
2,lequipe.fr,0,0,0,0.0,0.0,0.0,0.0,0.0,0.0,10,31.21928094887362,0,0.0,0,3,0.6,0.0,149.0,0.0,0
3,itools.cn,0,0,0,0.0,0.0,5.0,3.0,1.2649110640673518,0.7312256650662191,9,26.52932501298081,0,0.0,0,3,0.5555555555555556,,,,0
4,sap.com,0,0,0,0.0,0.0,,,,,7,19.651484454403235,0,0.0,0,2,0.42857142857142855,8888.0,8888.0,462.0,0
5,leetcode.com,0,0,0,0.0,0.0,0.0,0.0,0.0,0.0,12,34.26466250649041,0,0.0,0,3,0.3333333333333333,3235.0,3235.0,674.0,0
6,metropcs.mobi,0,0,0,0.0,0.0,,,,,13,44.10571633583421,0,0.0,0,2,0.6153846153846154,4744.0,4744.0,28.0,0
7,lenovo.com.cn,0,0,0,0.0,0.0,2.0,2.0,0.0,0.0,13,37.350828833670725,0,0.0,0,3,0.4615384615384616,,,,0
8,aparat.com,0,0,0,0.0,0.0,,,,,10,28.464393446710147,0,0.0,0,3,0.4,5984.0,5984.0,650.0,0
9,kayak.com,0,0,0,0.0,0.0,0.0,0.0,0.0,0.0,9,24.52932501298081,0,0.0,0,2,0.5555555555555556,8803.0,8803.0,941.0,0
10,uniqlo.com,0,0,0,0.0,0.0,2.0,2.0,0.0,0.0,10,31.21928094887362,0,0.0,0,2,0.6,7448.0,7448.0,362.0,0
11,xiaohongshu.com,0,0,0,0.0,0.0,2.0,2.0,0.0,0.0,15,51.84847143196429,0,0.0,0,3,0.5333333333333333,2733.0,2733.0,1667.0,0
12,tabnak.ir,0,0,0,0.0,0.0,,,,,9,26.52932501298081,0,0.0,0,3,0.4444444444444444,,,,0
13,irecommend.ru,0,0,0,0.0,0.0,,,,,13,42.1057163358342,0,0.0,0,3,0.6923076923076923,,,,0
14,adidas.com,0,0,0,0.0,0.0,0.0,0.0,0.0,0.0,10,29.21928094887362,0,0.0,0,2,0.6,8638.0,8638.0,237.0,0
15,google.by,0,0,0,0.0,0.0,,,,,9,24.52932501298081,0,0.0,0,2,0.6666666666666666,,,,0
16,imooc.com,0,0,0,0.0,0.0,2.0,2.0,0.0,0.0,9,19.774437510817343,0,0.0,0,3,0.3333333333333333,2417.0,2417.0,47.0,0
17,watchseries.do,0,0,0,0.0,0.0,,,,,14,49.30296890880647,0,0.0,0,3,0.42857142857142855,,,,0
18,tsite.jp,0,0,0,0.0,0.0,,,,,8,22.0,0,0.0,0,3,0.5,,,,0
19,mobileofferplace.site,0,0,0,0.0,0.0,,,,,21,76.23866587835397,0,0.0,0,4,0.2857142857142857,,,,0
20,caffeinamagazine.it,0,0,0,0.0,0.0,,,,,19,61.955735253264656,0,0.0,0,5,0.42105263157894735,,,,0
21,163.com,0,0,0,0.0,0.0,2.0,2.0,0.0,0.0,7,19.651484454403235,3,0.42857142857142855,1,1,0.42857142857142855,7918.0,7918.0,116.0,0
22,ancestry.com,0,0,0,0.0,0.0,0.0,0.0,0.0,0.0,12,41.019550008653866,0,0.0,0,1,0.9166666666666666,8771.0,8771.0,253.0,0
23,soundcloud.com,0,0,0,0.0,0.0,3.0,3.6666666666666665,0.4714045207910317,1.7562555427106403,14,42.548081406643,0,0.0,0,3,0.35714285714285715,5047.0,5047.0,41.0,0
24,poste.it,0,0,0,0.0,0.0,,,,,8,22.0,0,0.0,0,2,0.625,,,,0
25,citi.com,0,0,0,0.0,0.0,,,,,8,20.0,0,0.0,0,2,0.5,7447.0,7447.0,69.0,0
26,readthedocs.io,1,1,0,0.0,0.0,2.0,4.0,2.0,0.6305080135742561,14,47.30296890880647,0,0.0,0,4,0.2857142857142857,1801.0,1801.0,669.0,0
27,gmx.net,0,0,0,0.0,0.0,,,,,7,19.651484454403235,0,0.0,0,2,0.42857142857142855,7467.0,7467.0,113.0,0
28,mawdoo3.com,0,0,0,0.0,0.0,,,,,11,31.298860302846798,1,0.09090909090909093,1,3,0.2727272727272727,3388.0,3388.0,2240.0,0
29,spanishdict.com,0,0,0,0.0,0.0,,,,,15,52.603358934127776,0,0.0,0,3,0.4666666666666667,7288.0,7288.0,1891.0,0
30,bab.la,0,0,0,0.0,0.0,0.0,0.0,0.0,0.0,6,11.509775004326936,0,0.0,0,2,0.5,4589.0,4589.0,56.0,0
31,teamviewer.com,0,0,0,0.0,0.0,2.0,2.0,0.0,0.0,14,46.548081406643,0,0.0,0,3,0.42857142857142855,5354.0,5354.0,94.0,0
32,lianjia.com,0,0,0,0.0,0.0,2.0,7.0,2.0,1.0218530082703825,11,34.05374780501027,0,0.0,0,3,0.3636363636363637,6243.0,6243.0,361.0,0
33,softonic.com,0,0,0,0.0,0.0,0.0,0.0,0.0,0.0,12,36.26466250649041,0,0.0,0,2,0.6666666666666666,7052.0,7052.0,112.0,0
34,archiveofourown.org,0,0,0,0.0,0.0,3.0,2.0,0.0,0.6705664989726873,19,67.95573525326465,0,0.0,0,5,0.3684210526315789,4373.0,4373.0,79.0,0
35,google.ie,0,0,0,0.0,0.0,,,,,9,22.52932501298081,0,0.0,0,2,0.6666666666666666,,,,0
36,fastpic.ru,0,0,0,0.0,0.0,3.0,2.333333333333333,0.4714045207910317,0.645903430438728,10,33.219280948873624,0,0.0,0,3,0.4,,,,0
37,artstation.com,0,0,0,0.0,0.0,,,,,14,44.548081406643,0,0.0,0,3,0.5,5119.0,5119.0,2442.0,0
38,usatoday.com,0,0,0,0.0,0.0,3.0,2.0,0.0,0.4919163266187081,12,39.01955000865389,0,0.0,0,1,0.9166666666666666,9152.0,9152.0,131.0,0
39,cnet.com,0,0,0,0.0,0.0,2.0,2.0,0.0,0.19112357172983807,8,22.0,0,0.0,0,1,0.875,9207.0,9207.0,107.0,0
40,admarsai.com,0,0,0,0.0,0.0,,,,,12,36.26466250649041,0,0.0,0,4,0.3333333333333333,925.0,925.0,559.0,0
41,oeeee.com,2,2,51,1.0,1.0,2.0,7.5,2.5,1.0644669138490577,9,18.529325012980813,0,0.0,0,3,0.4444444444444444,5053.0,5053.0,84.0,0
42,manyvids.com,0,0,0,0.0,0.0,0.0,0.0,0.0,0.0,12,41.019550008653866,0,0.0,0,3,0.3333333333333333,2261.0,2261.0,70.0,0
43,techtarget.com,0,0,0,0.0,0.0,,,,,14,44.548081406643,0,0.0,0,2,0.7142857142857143,7187.0,7187.0,193.0,0
44,xiami.com,9,4,20,0.5529201095237966,0.75,2.0,2.0,0.0,0.0,9,24.52932501298081,0,0.0,0,2,0.5555555555555556,4772.0,4772.0,257.0,0
45,sueddeutsche.de,0,0,0,0.0,0.0,,,,,15,41.84847143196431,0,0.0,0,2,0.8,,,,0
46,plarium.com,0,0,0,0.0,0.0,,,,,11,36.05374780501027,0,0.0,0,3,0.4545454545454545,3333.0,3333.0,1909.0,0
47,dailymail.co.uk,0,0,0,0.0,0.0,1.0,2.0,0.0,5.790660241435861,15,50.60335893412777,0,0.0,0,4,0.3333333333333333,,,,0
48,royalbank.com,0,0,0,0.0,0.0,,,,,13,44.10571633583419,0,0.0,0,1,0.9230769230769232,8936.0,8936.0,540.0,0
49,ladbible.com,0,0,0,0.0,0.0,,,,,12,39.01955000865389,0,0.0,0,3,0.4166666666666667,2873.0,2873.0,68.0,0
50,leo.org,0,0,0,0.0,0.0,0.0,0.0,0.0,0.0,7,17.651484454403235,0,0.0,0,2,0.42857142857142855,9115.0,9115.0,102.0,0
51,lemonde.fr,0,0,0,0.0,0.0,,,,,10,31.21928094887362,0,0.0,0,3,0.5,0.0,267.0,0.0,0
52,gamestop.com,0,0,0,0.0,0.0,,,,,12,39.019550008653866,0,0.0,0,2,0.6666666666666666,8063.0,8063.0,396.0,0
53,xunlei.com,177,43,472,0.6946062735573283,0.6635507625911409,2.0,2.0,0.0,0.0,10,33.219280948873624,0,0.0,0,3,0.3,5606.0,5606.0,59.0,0
54,telegraf.com.ua,0,0,0,0.0,0.0,,,,,15,52.60335893412777,0,0.0,0,4,0.26666666666666666,,,,0
55,bamilo.com,0,0,0,0.0,0.0,,,,,10,29.21928094887362,0,0.0,0,3,0.5,1872.0,1872.0,45.0,0
56,shutterstock.com,0,0,0,0.0,0.0,4.0,2.25,0.4330127018922193,0.8175868433463921,16,53.24511249783653,0,0.0,0,2,0.75,5793.0,5793.0,240.0,0
57,ruten.com.tw,0,0,0,0.0,0.0,,,,,12,39.019550008653866,0,0.0,0,3,0.4166666666666667,,,,0
58,privatbank.ua,0,0,0,0.0,0.0,,,,,13,43.35082883367073,0,0.0,0,3,0.4615384615384616,,,,0
59,xiaomi.com,168,20,85,0.6751753297632295,0.6267330020522786,2.0,2.0,0.0,0.0,10,27.21928094887362,0,0.0,0,2,0.5,5781.0,5781.0,3525.0,0
60,forgeofempires.com,0,0,0,0.0,0.0,,,,,18,59.5488750216347,0,0.0,0,4,0.3888888888888889,2768.0,2768.0,211.0,0
61,gizmodo.com,0,0,0,0.0,0.0,,,,,11,31.298860302846798,0,0.0,0,2,0.6363636363636364,6167.0,6167.0,173.0,0
62,ithome.com,0,0,0,0.0,0.0,2.0,2.0,0.0,0.0,10,29.21928094887362,0,0.0,0,2,0.7,7092.0,7092.0,1669.0,0
63,iqoption.com,0,0,0,0.0,0.0,,,,,12,36.26466250649041,0,0.0,0,3,0.5,2231.0,2231.0,69.0,0
64,vmall.com,0,0,0,0.0,0.0,1.0,15.0,0.0,3.849045753118386,9,24.52932501298081,0,0.0,0,3,0.3333333333333333,7544.0,7544.0,25.0,0
65,codeonclick.com,0,0,0,0.0,0.0,,,,,15,45.84847143196431,0,0.0,0,4,0.3333333333333333,1484.0,1484.0,387.0,0
66,efrable.info,0,0,0,0.0,0.0,,,,,12,39.01955000865389,0,0.0,0,3,0.3333333333333333,330.0,330.0,270.0,0
67,douban.com,3,4,0,0.0,0.75,1.0,15.0,0.0,3.5480933548043225,10,31.21928094887362,0,0.0,0,3,0.4,5356.0,5356.0,564.0,0
68,runoob.com,0,0,0,0.0,0.0,2.0,2.0,0.0,0.0,10,28.464393446710158,0,0.0,0,3,0.3,1427.0,1427.0,26.0,0
69,okezone.com,0,0,0,0.0,0.0,,,,,11,31.298860302846798,0,0.0,0,3,0.3636363636363637,4569.0,4569.0,573.0,0
70,slickdeals.net,0,0,0,0.0,0.0,,,,,14,47.30296890880647,0,0.0,0,2,0.7142857142857143,7131.0,7131.0,674.0,0
71,githubusercontent.com,0,0,0,0.0,0.0,1.0,3.0,0.0,7.7738734035486425,21,77.4837783761905,0,0.0,0,5,0.3333333333333333,1929.0,1929.0,208.0,0
72,51cto.com,0,0,0,0.0,0.0,2.0,5.5,2.5,0.9140821969221684,9,24.52932501298081,2,0.2222222222222222,1,2,0.3333333333333333,5150.0,5150.0,498.0,0
73,bt.com,0,0,0,0.0,0.0,0.0,0.0,0.0,0.0,6,15.509775004326935,0,0.0,0,2,0.5,9832.0,9832.0,350.0,0
74,hdfcbank.com,0,0,0,0.0,0.0,,,,,12,41.01955000865389,0,0.0,0,2,0.5833333333333334,8075.0,8075.0,434.0,0
75,behance.net,0,0,0,0.0,0.0,,,,,11,31.298860302846798,0,0.0,0,3,0.4545454545454545,4943.0,4943.0,56.0,0
76,abs-cbn.com,0,0,0,0.0,0.0,,,,,11,34.05374780501027,0,0.0,0,3,0.2727272727272727,8523.0,8523.0,121.0,0
77,life.tw,0,0,0,0.0,0.0,,,,,7,19.651484454403235,0,0.0,0,2,0.5714285714285714,,,,0
78,pplive.cn,0,0,0,0.0,0.0,2.0,2.0,0.0,0.0,9,26.52932501298081,0,0.0,0,3,0.4444444444444444,,,,0
79,google.com.do,0,0,0,0.0,0.0,,,,,13,36.1057163358342,0,0.0,0,2,0.6923076923076923,,,,0
80,google.dk,0,0,0,0.0,0.0,,,,,9,24.52932501298081,0,0.0,0,2,0.6666666666666666,,,,0
81,shopclues.com,0,0,0,0.0,0.0,,,,,13,42.1057163358342,0,0.0,0,3,0.38461538461538464,2938.0,2938.0,790.0,0
82,tianya.cn,0,0,0,0.0,0.0,2.0,8.0,3.0,1.1196332067205237,9,24.52932501298081,0,0.0,0,3,0.3333333333333333,,,,0
83,ouo.press,0,0,0,0.0,0.0,,,,,9,24.52932501298081,0,0.0,0,3,0.5555555555555556,,,,0
84,reverb.com,0,0,0,0.0,0.0,,,,,10,29.21928094887362,0,0.0,0,2,0.6,6020.0,6020.0,236.0,0
85,jd.com,85,84,0,0.5199327718574466,0.4875507858966604,2.0,2.0,0.0,0.0,6,15.509775004326935,0,0.0,0,2,0.5,9730.0,9730.0,966.0,0
86,porn555.com,0,0,0,0.0,0.0,,,,,11,31.298860302846798,3,0.2727272727272727,1,2,0.3636363636363637,929.0,929.0,229.0,0
87,americanexpress.com,0,0,0,0.0,0.0,1.0,2.0,0.0,3.752776749732568,19,65.95573525326465,0,0.0,0,1,0.9473684210526316,8751.0,8751.0,110.0,0
88,youtube-mp3.org,0,0,0,0.0,0.0,,,,,15,54.60335893412777,1,0.06666666666666668,1,3,0.4666666666666667,3536.0,3536.0,298.0,0
89,coursehero.com,0,0,0,0.0,0.0,,,,,14,42.548081406643,0,0.0,0,3,0.42857142857142855,4147.0,4147.0,3339.0,0
90,mmo-champion.com,0,0,0,0.0,0.0,,,,,16,49.24511249783653,0,0.0,0,3,0.5,4487.0,4487.0,116.0,0
91,google.co.id,0,0,0,0.0,0.0,,,,,12,34.26466250649041,0,0.0,0,3,0.5,,,,0
92,telegraph.co.uk,0,0,0,0.0,0.0,3.0,2.0,0.0,0.6764230861423345,15,54.603358934127776,0,0.0,0,3,0.6,,,,0
93,invisionapp.com,0,0,0,0.0,0.0,,,,,15,47.84847143196431,0,0.0,0,3,0.5333333333333333,3469.0,3469.0,360.0,0
94,google.com,37,8,1,0.0922233915409968,0.8333333333333334,2.0,2.0,0.0,0.0,10,26.464393446710147,0,0.0,0,1,0.9,7917.0,7917.0,453.0,0
95,jquery.com,1,1,0,0.0,0.0,1.0,9.0,0.0,3.0132253534302773,10,33.219280948873624,0,0.0,0,3,0.5,4909.0,4909.0,464.0,0
96,mmofreegames.online,0,0,0,0.0,0.0,,,,,19,63.955735253264656,0,0.0,0,4,0.3157894736842105,,,,0
97,bilibili.com,0,0,0,0.0,0.0,2.0,2.0,0.0,0.0,12,31.01955000865388,0,0.0,0,3,0.5,5324.0,5324.0,110.0,0
98,nouvelobs.com,0,0,0,0.0,0.0,,,,,13,43.35082883367073,0,0.0,0,3,0.4615384615384616,7791.0,7791.0,153.0,0
99,msn.com,32,7,34,0.9202819531114784,0.656265789089031,2.0,2.0,0.0,0.0,7,17.651484454403235,0,0.0,0,2,0.42857142857142855,8958.0,8958.0,1678.0,0
100,wikimedia.org,0,0,0,0.0,0.0,2.0,2.0,0.0,0.08088504321050373,13,43.35082883367073,0,0.0,0,2,0.6923076923076923,5909.0,5909.0,27.0,0
101,muchong.com,0,0,0,0.0,0.0,2.0,2.0,0.0,0.0,11,32.05374780501027,0,0.0,0,3,0.3636363636363637,5377.0,5377.0,181.0,0
102,brightside.me,0,0,0,0.0,0.0,,,,,13,44.10571633583419,0,0.0,0,3,0.4615384615384616,2049.0,2049.0,1025.0,0
103,secureserver.net,0,0,0,0.0,0.0,2.0,2.0,0.0,0.0,16,45.635472023399714,0,0.0,0,3,0.375,7721.0,7721.0,1867.0,0
104,fmovies.is,0,0,0,0.0,0.0,,,,,10,29.21928094887362,0,0.0,0,3,0.6,,,,0
105,akoam.com,0,0,0,0.0,0.0,,,,,9,22.52932501298081,0,0.0,0,3,0.3333333333333333,2288.0,2288.0,433.0,0
106,smartisan.com,0,0,0,0.0,0.0,2.0,2.0,0.0,0.0,13,42.10571633583419,0,0.0,0,4,0.38461538461538464,4125.0,4125.0,1614.0,0
107,xinhuanet.com,18,19,46,0.5783099690248164,0.6310964220776643,2.0,2.0,0.0,0.0,13,46.10571633583419,0,0.0,0,2,0.6923076923076923,6961.0,6961.0,53.0,0
108,yifysubtitles.com,0,0,0,0.0,0.0,1.0,3.0,0.0,4.0625,17,61.48686830125579,0,0.0,0,4,0.5294117647058824,2016.0,2016.0,218.0,0
109,canva.com,0,0,0,0.0,0.0,,,,,9,24.52932501298081,0,0.0,0,2,0.5555555555555556,6589.0,6589.0,28.0,0
110,mydrivers.com,3,5,0,0.5793801642856949,0.8277293767706428,2.0,3.5,0.5,1.039779749820554,13,44.10571633583419,0,0.0,0,3,0.5384615384615384,7377.0,7377.0,7377.0,0
111,xhamster.com,0,0,0,0.0,0.0,1.0,2.0,0.0,4.161198597819118,12,41.01955000865389,0,0.0,0,3,0.5833333333333334,4431.0,4431.0,364.0,0
112,foursquare.com,0,0,0,0.0,0.0,0.0,0.0,0.0,0.0,14,47.30296890880647,0,0.0,0,2,0.7142857142857143,6264.0,6264.0,1355.0,0
113,yomiuri.co.jp,0,0,0,0.0,0.0,,,,,13,42.1057163358342,0,0.0,0,3,0.5384615384615384,,,,0
114,filmfanatic.com,0,0,0,0.0,0.0,,,,,15,48.603358934127776,0,0.0,0,3,0.4666666666666667,5955.0,5955.0,54.0,0
115,valuecommerce.com,0,0,0,0.0,0.0,3.0,2.0,0.0,0.2540943624877577,17,53.22220579476539,0,0.0,0,3,0.4705882352941176,7322.0,7322.0,77.0,0
116,shimo.im,0,0,0,0.0,0.0,0.0,0.0,0.0,0.0,8,20.0,0,0.0,0,2,0.625,,,,0
117,processon.com,0,0,0,0.0,0.0,2.0,2.0,0.0,0.0,13,39.350828833670725,0,0.0,0,3,0.5384615384615384,2779.0,2779.0,388.0,0
118,vesti.ru,0,0,0,0.0,0.0,,,,,8,24.0,0,0.0,0,2,0.5,,,,0
119,mercadolibre.com.ve,0,0,0,0.0,0.0,,,,,19,65.95573525326465,0,0.0,0,3,0.631578947368421,,,,0
120,google.com.sg,0,0,0,0.0,0.0,,,,,13,36.595941331507255,0,0.0,0,2,0.6923076923076923,,,,0
121,furaffinity.net,0,0,0,0.0,0.0,,,,,15,47.84847143196431,0,0.0,0,3,0.5333333333333333,5238.0,5238.0,915.0,0
122,alc.co.jp,0,0,0,0.0,0.0,,,,,9,24.52932501298081,0,0.0,0,3,0.3333333333333333,,,,0
123,appledaily.com.tw,0,0,0,0.0,0.0,0.0,0.0,0.0,0.0,17,61.48686830125579,0,0.0,0,4,0.29411764705882354,,,,0
124,newegg.com,0,0,0,0.0,0.0,2.0,2.5,0.5,0.7896354874685264,10,29.21928094887362,0,0.0,0,2,0.6,7048.0,7048.0,1327.0,0
125,ebay.in,0,0,0,0.0,0.0,,,,,7,19.651484454403235,0,0.0,0,2,0.5714285714285714,5206.0,5206.0,31.0,0
126,os.tc,0,0,0,0.0,0.0,,,,,5,11.60964047443681,0,0.0,0,2,0.6,738.0,738.0,0.0,0
127,myanimelist.net,0,0,0,0.0,0.0,0.0,0.0,0.0,0.0,15,48.603358934127776,0,0.0,0,4,0.3333333333333333,4797.0,4797.0,84.0,0
128,piriform.com,2,1,0,0.0,0.0,2.0,4.0,0.0,0.004082104019233368,12,35.01955000865387,0,0.0,0,2,0.6666666666666666,5196.0,5196.0,507.0,0
129,rapidgator.net,3,3,0,0.0,0.0,3.0,5.666666666666668,2.494438257849294,1.287528951206437,14,47.30296890880647,0,0.0,0,3,0.35714285714285715,3423.0,3423.0,542.0,0
130,webofknowledge.com,0,0,0,0.0,0.0,2.0,2.0,0.0,0.0,18,63.548875021634714,0,0.0,0,4,0.5,6234.0,6234.0,57.0,0
131,book118.com,0,0,0,0.0,0.0,2.0,5.5,3.5,1.8266288134471536,11,31.298860302846798,3,0.2727272727272727,1,2,0.3636363636363637,5104.0,5104.0,259.0,0
132,clipconverter.cc,0,0,0,0.0,0.0,4.0,2.0,0.0,0.7821680458908702,16,52.0,0,0.0,0,3,0.5625,3348.0,3348.0,80.0,0
133,stubhub.com,0,0,0,0.0,0.0,,,,,11,34.05374780501027,0,0.0,0,2,0.6363636363636364,6905.0,6905.0,173.0,0
134,mob.com,0,0,0,0.0,0.0,2.0,2.0,0.0,0.0,7,15.651484454403233,0,0.0,0,2,0.42857142857142855,9064.0,9064.0,25.0,0
135,schwab.com,0,0,0,0.0,0.0,,,,,10,31.21928094887362,0,0.0,0,1,0.9,9539.0,9539.0,74.0,0
136,google.co.ve,0,0,0,0.0,0.0,,,,,12,32.264662506490396,0,0.0,0,2,0.5,,,,0
137,zara.com,0,0,0,0.0,0.0,2.0,2.0,0.0,1.706591352409137,8,22.0,0,0.0,0,2,0.5,8026.0,8026.0,275.0,0
138,bodybuilding.com,0,0,0,0.0,0.0,,,,,16,56.0,0,0.0,0,2,0.75,7399.0,7399.0,1552.0,0
139,meetup.com,0,0,0,0.0,0.0,0.0,0.0,0.0,0.0,10,29.21928094887362,0,0.0,0,2,0.6,7579.0,7579.0,306.0,0
140,primevideo.com,0,0,0,0.0,0.0,,,,,14,45.30296890880647,0,0.0,0,3,0.35714285714285715,6775.0,6775.0,110.0,0
141,apartmenttherapy.com,0,0,0,0.0,0.0,,,,,20,68.92878689342031,0,0.0,0,3,0.45,6375.0,6375.0,165.0,0
142,wp.pl,0,0,0,0.0,0.0,,,,,5,9.60964047443681,0,0.0,0,2,0.6,,,,0
143,barnesandnoble.com,0,0,0,0.0,0.0,,,,,18,62.30376252379818,0,0.0,0,2,0.7777777777777778,8684.0,8684.0,288.0,0
144,x48fly.com,0,0,0,0.0,0.0,,,,,10,33.219280948873624,2,0.2,1,2,0.6,83.0,83.0,83.0,0
145,google.com.sa,0,0,0,0.0,0.0,,,,,13,39.350828833670725,0,0.0,0,2,0.6923076923076923,,,,0
146,berkeley.edu,3,3,0,0.5793801642856949,1.0,1.0,8.0,0.0,2.884616105476169,12,35.01955000865388,0,0.0,0,2,0.6666666666666666,,,,0
147,drudgereport.com,0,0,0,0.0,0.0,,,,,16,53.24511249783653,0,0.0,0,1,0.9375,8130.0,8130.0,481.0,0
148,alibaba.com,0,0,0,0.0,0.0,2.0,2.0,0.0,0.0,11,31.298860302846798,0,0.0,0,2,0.6363636363636364,7340.0,7340.0,182.0,0
149,chaoxing.com,0,0,0,0.0,0.0,2.0,2.0,0.0,0.0,12,39.01955000865389,0,0.0,0,3,0.3333333333333333,5470.0,5470.0,56.0,0
150,businessweekly.com.tw,0,0,0,0.0,0.0,,,,,21,78.72889087402703,0,0.0,0,4,0.3809523809523809,,,,0
151,qingting.fm,0,0,0,0.0,0.0,2.0,2.0,0.0,0.0,11,32.05374780501027,0,0.0,0,3,0.3636363636363637,2878.0,2878.0,574.0,0
152,hollywoodreporter.com,0,0,0,0.0,0.0,,,,,21,71.87413790175368,0,0.0,0,3,0.42857142857142855,8701.0,8701.0,343.0,0
153,1688.com,10,5,0,0.4581460078048337,0.8277293767706428,2.0,2.0,0.0,0.0,8,22.0,4,0.5,1,1,0.375,8249.0,8249.0,182.0,0
154,visualstudio.com,1,1,0,0.0,0.0,2.0,7.5,0.5,0.5902812858117203,16,56.0,0,0.0,0,3,0.375,8099.0,8099.0,94.0,0
155,gmw.cn,18,56,81,0.8401250222879124,0.5126448748635702,2.0,2.0,0.0,0.0,6,15.509775004326935,0,0.0,0,2,0.5,,,,0
156,friv.com,0,0,0,0.0,0.0,2.0,2.0,0.0,0.0,8,24.0,0,0.0,0,2,0.5,5472.0,5472.0,496.0,0
157,ozee.com,0,0,0,0.0,0.0,,,,,8,20.0,0,0.0,0,3,0.375,7078.0,7078.0,1187.0,0
158,breitbart.com,0,0,0,0.0,0.0,,,,,13,42.1057163358342,0,0.0,0,2,0.6923076923076923,7372.0,7372.0,948.0,0
159,wanfangdata.com.cn,0,0,0,0.0,0.0,2.0,2.0,0.0,0.0,18,58.30376252379817,0,0.0,0,4,0.3888888888888889,,,,0
160,todayhumor.co.kr,0,0,0,0.0,0.0,,,,,16,55.24511249783653,0,0.0,0,4,0.3125,,,,0
161,nowcoder.com,0,0,0,0.0,0.0,2.0,2.0,0.0,0.0,12,36.26466250649041,0,0.0,0,3,0.4166666666666667,2010.0,2010.0,488.0,0
162,wired.com,1,1,0,0.0,0.0,2.0,2.0,0.0,0.0,9,28.52932501298081,0,0.0,0,2,0.5555555555555556,9677.0,9677.0,551.0,0
163,pipeschannels.com,0,0,0,0.0,0.0,,,,,17,59.48686830125579,0,0.0,0,3,0.4705882352941176,709.0,709.0,375.0,0
164,frdic.com,0,0,0,0.0,0.0,2.0,2.0,0.0,0.0,9,26.52932501298081,0,0.0,0,3,0.3333333333333333,5206.0,5206.0,49.0,0
165,washingtonpost.com,1,1,0,0.0,0.0,3.0,2.0,0.0,0.7516083392306235,18,64.30376252379817,0,0.0,0,2,0.5555555555555556,8589.0,8589.0,193.0,0
166,wps.cn,0,0,0,0.0,0.0,2.0,2.0,0.0,0.0,6,15.509775004326935,0,0.0,0,2,0.6666666666666666,,,,0
167,otzovik.com,0,0,0,0.0,0.0,,,,,11,33.2988603028468,0,0.0,0,1,0.9090909090909092,3338.0,3338.0,73.0,0
168,gsmarena.com,0,0,0,0.0,0.0,0.0,0.0,0.0,0.0,12,39.01955000865389,0,0.0,0,3,0.4166666666666667,6913.0,6913.0,389.0,0
169,allegro.pl,0,0,0,0.0,0.0,,,,,10,28.464393446710147,0,0.0,0,2,0.7,,,,0
170,asana.com,0,0,0,0.0,0.0,,,,,9,23.774437510817343,0,0.0,0,2,0.6666666666666666,3771.0,3771.0,322.0,0
171,finn.no,0,0,0,0.0,0.0,,,,,7,14.896596952239767,0,0.0,0,2,0.5714285714285714,,,,0
172,58pic.com,0,0,0,0.0,0.0,2.0,6.0,3.0,1.0873747624218109,9,26.52932501298081,2,0.2222222222222222,1,2,0.3333333333333333,2316.0,2316.0,712.0,0
173,ask.com,0,0,0,0.0,0.0,0.0,0.0,0.0,0.0,7,19.651484454403235,0,0.0,0,1,0.8571428571428571,7518.0,7518.0,76.0,0
174,addthis.com,10,4,0,0.9397940008672035,1.0,1.0,9.0,0.0,3.1307117531978257,11,36.05374780501027,0,0.0,0,3,0.3636363636363637,7664.0,7664.0,328.0,0
175,force.com,0,0,0,0.0,0.0,4.0,2.25,0.4330127018922193,0.8936969259085259,9,24.52932501298081,0,0.0,0,2,0.5555555555555556,10228.0,10228.0,334.0,0
176,xfinity.com,0,0,0,0.0,0.0,0.0,0.0,0.0,0.0,11,36.05374780501027,0,0.0,0,3,0.5454545454545454,5962.0,5962.0,897.0,0
177,beeg.com,0,0,0,0.0,0.0,,,,,8,22.0,0,0.0,0,3,0.375,6857.0,6857.0,43.0,0
178,setn.com,0,0,0,0.0,0.0,,,,,8,24.0,0,0.0,0,3,0.375,7068.0,7068.0,901.0,0
179,minuto30.com,0,0,0,0.0,0.0,,,,,12,39.019550008653866,2,0.16666666666666666,1,2,0.5,3698.0,3698.0,1140.0,0
180,mlb.com,0,0,0,0.0,0.0,2.0,2.0,0.0,0.0,7,17.651484454403235,0,0.0,0,1,0.8571428571428571,8966.0,8966.0,83.0,0
181,yy.com,0,0,0,0.0,0.0,2.0,2.0,0.0,0.0,6,13.509775004326935,0,0.0,0,2,0.5,9253.0,9253.0,368.0,0
182,youdao.com,0,0,0,0.0,0.0,2.0,2.0,0.0,0.0,10,28.464393446710147,0,0.0,0,3,0.3,6183.0,6183.0,237.0,0
183,ximalaya.com,0,0,0,0.0,0.0,2.0,2.0,0.0,0.0,12,36.26466250649041,0,0.0,0,3,0.5,7415.0,7415.0,987.0,0
184,kissanime.ru,0,0,0,0.0,0.0,0.0,0.0,0.0,0.0,12,39.01955000865389,0,0.0,0,3,0.4166666666666667,,,,0
185,pochta.ru,0,0,0,0.0,0.0,,,,,9,28.52932501298081,0,0.0,0,2,0.4444444444444444,,,,0
186,chess.com,1,1,0,0.0,0.0,3.0,2.0,0.0,0.7865821817540345,9,24.52932501298081,0,0.0,0,2,0.5555555555555556,9048.0,9048.0,2253.0,0
187,vporn.com,0,0,0,0.0,0.0,0.0,0.0,0.0,0.0,9,26.52932501298081,0,0.0,0,3,0.4444444444444444,6551.0,6551.0,215.0,0
188,flightradar24.com,2,1,0,0.0,0.0,1.0,9.0,0.0,3.3109803671745914,17,65.4868683012558,2,0.1176470588235294,1,3,0.35294117647058826,3478.0,3478.0,138.0,0
189,mama.cn,5,6,80,0.8277293767706428,0.8710490642551527,2.0,6.5,3.5,1.15110658089188,7,15.651484454403233,0,0.0,0,2,0.5714285714285714,,,,0
190,fitbit.com,0,0,0,0.0,0.0,0.0,0.0,0.0,0.0,10,29.21928094887362,0,0.0,0,3,0.3,5869.0,5869.0,378.0,0
191,sky.com,0,0,0,0.0,0.0,,,,,7,19.651484454403235,0,0.0,0,2,0.42857142857142855,11373.0,11373.0,109.0,0
192,gotomeeting.com,0,0,0,0.0,0.0,,,,,15,45.84847143196431,0,0.0,0,2,0.7333333333333333,5807.0,5807.0,332.0,0
193,kknews.cc,0,0,0,0.0,0.0,,,,,9,24.52932501298081,0,0.0,0,3,0.4444444444444444,1083.0,1083.0,60.0,0
194,isna.ir,0,0,0,0.0,0.0,,,,,7,17.651484454403235,0,0.0,0,2,0.5714285714285714,,,,0
195,mit.edu,6,2,2,0.4841962570206112,1.0,2.0,2.0,0.0,0.0,7,19.651484454403235,0,0.0,0,2,0.42857142857142855,,,,0
196,zz106855.com,0,0,0,0.0,0.0,,,,,12,39.019550008653866,6,0.5,1,2,0.25,857.0,857.0,126.0,0
197,slack.com,0,0,0,0.0,0.0,,,,,9,26.52932501298081,0,0.0,0,2,0.5555555555555556,9707.0,9707.0,824.0,0
198,fileconvertor.org,0,0,0,0.0,0.0,,,,,17,57.97709329692886,0,0.0,0,3,0.5294117647058824,941.0,941.0,210.0,0
199,jianguoyun.com,0,0,0,0.0,0.0,2.0,2.0,0.0,0.0,14,47.30296890880647,0,0.0,0,3,0.5,2817.0,2817.0,495.0,0
200,tradedoubler.com,0,0,0,0.0,0.0,2.0,2.0,0.0,1.706591352409137,16,56.0,0,0.0,0,2,0.75,7162.0,7162.0,472.0,0
201,xbox.com,2,1,0,1.0,0.0,2.0,2.0,0.0,0.0,8,20.0,0,0.0,0,2,0.5,8188.0,8188.0,158.0,0
202,last.fm,0,0,0,0.0,0.0,1.0,2.0,0.0,8.125,7,19.651484454403235,0,0.0,0,2,0.5714285714285714,4150.0,4150.0,664.0,0
203,ci123.com,14,13,60,0.33193889189625314,0.7034726100551885,2.0,7.0,1.0,0.8016434748927012,9,26.52932501298081,3,0.3333333333333333,1,2,0.3333333333333333,5362.0,5362.0,753.0,0
204,movieweb.com,0,0,0,0.0,0.0,,,,,12,37.019550008653866,0,0.0,0,2,0.5,7579.0,7579.0,350.0,0
205,impress.co.jp,0,0,0,0.0,0.0,,,,,13,42.1057163358342,0,0.0,0,3,0.5384615384615384,,,,0
206,blogspot.com,0,0,0,0.0,0.0,,,,,12,38.26466250649041,0,0.0,0,2,0.6666666666666666,6867.0,6867.0,325.0,0
207,skype.com,0,0,0,0.0,0.0,1.0,2.0,0.0,3.45471102244277,9,28.52932501298081,0,0.0,0,2,0.5555555555555556,5871.0,5871.0,59.0,0
208,monster.com,0,0,0,0.0,0.0,2.0,2.0,0.0,2.2706503042895365,11,34.05374780501027,0,0.0,0,1,0.9090909090909092,9072.0,9072.0,350.0,0
209,everydayhealth.com.tw,0,0,0,0.0,0.0,,,,,21,77.4837783761905,0,0.0,0,4,0.3809523809523809,,,,0
210,java.com,0,0,0,0.0,0.0,3.0,2.0,0.0,0.8604932600219989,8,22.0,0,0.0,0,1,0.875,8384.0,8384.0,381.0,0
211,jjwxc.net,0,0,0,0.0,0.0,2.0,2.0,0.0,0.0,9,26.52932501298081,0,0.0,0,3,0.4444444444444444,6022.0,6022.0,34.0,0
212,mediaset.it,0,0,0,0.0,0.0,,,,,11,32.05374780501027,0,0.0,0,3,0.4545454545454545,,,,0
213,yourporn.sexy,0,0,0,0.0,0.0,,,,,13,42.1057163358342,0,0.0,0,3,0.3076923076923077,1642.0,1642.0,51.0,0
214,express.co.uk,0,0,0,0.0,0.0,1.0,2.0,0.0,3.7527767497325684,13,42.1057163358342,0,0.0,0,3,0.5384615384615384,,,,0
215,mi.com,0,0,0,0.0,0.0,2.0,2.0,0.0,0.0,6,13.509775004326935,0,0.0,0,1,0.8333333333333334,7500.0,7500.0,1476.0,0
216,wowkeren.com,0,0,0,0.0,0.0,,,,,12,37.01955000865389,0,0.0,0,3,0.4166666666666667,3786.0,3786.0,372.0,0
217,pptv.com,0,0,0,0.0,0.0,2.0,2.0,0.0,0.0,8,22.0,0,0.0,0,2,0.5,3720.0,3720.0,221.0,0
218,indexmovie.me,0,0,0,0.0,0.0,,,,,13,39.350828833670725,0,0.0,0,3,0.38461538461538464,842.0,842.0,112.0,0
219,bahn.de,0,0,0,0.0,0.0,,,,,7,19.651484454403235,0,0.0,0,2,0.5714285714285714,,,,0
220,netflix.com,0,0,0,0.0,0.0,5.0,3.0,1.2649110640673518,0.266698230455221,11,38.05374780501027,0,0.0,0,2,0.6363636363636364,7861.0,7861.0,1278.0,0
221,xdf.cn,0,0,0,0.0,0.0,2.0,2.0,0.0,0.0,6,15.509775004326935,0,0.0,0,2,0.5,,,,0
222,yandex.com,0,0,0,0.0,0.0,,,,,10,33.219280948873624,0,0.0,0,2,0.6,7543.0,7543.0,596.0,0
223,t-online.de,0,0,0,0.0,0.0,,,,,11,34.05374780501027,0,0.0,0,3,0.5454545454545454,,,,0
224,zcool.com.cn,1,1,0,0.0,0.0,3.0,4.666666666666667,1.8856180831641267,0.8164540684499016,12,31.50977500432694,0,0.0,0,4,0.3333333333333333,,,,0
225,meizu.com,0,0,0,0.0,0.0,2.0,2.0,0.0,0.0,9,26.52932501298081,0,0.0,0,3,0.3333333333333333,6045.0,6045.0,811.0,0
226,translationbuddy.com,0,0,0,0.0,0.0,,,,,20,76.43856189774726,0,0.0,0,3,0.55,2656.0,2656.0,70.0,0
227,livejasmin.com,0,0,0,0.0,0.0,0.0,0.0,0.0,0.0,14,49.30296890880647,0,0.0,0,3,0.42857142857142855,6398.0,6398.0,250.0,0
228,readmanga.me,0,0,0,0.0,0.0,,,,,12,34.26466250649041,0,0.0,0,3,0.3333333333333333,2439.0,2439.0,167.0,0
229,smartadtags.com,0,0,0,0.0,0.0,,,,,15,47.84847143196429,0,0.0,0,4,0.3333333333333333,1834.0,1834.0,494.0,0
230,kakao.com,0,0,0,0.0,0.0,0.0,0.0,0.0,0.0,9,22.52932501298081,0,0.0,0,3,0.4444444444444444,8177.0,8177.0,81.0,0
231,hp.com,24,8,0,0.5571659896751601,0.5162649802317995,2.0,2.0,0.0,0.0,6,15.509775004326935,0,0.0,0,1,0.8333333333333334,12132.0,12132.0,38.0,0
232,huya.com,0,0,0,0.0,0.0,2.0,2.0,0.0,0.0,8,24.0,0,0.0,0,2,0.625,5332.0,5332.0,397.0,0
233,google.ca,0,0,0,0.0,0.0,0.0,0.0,0.0,0.0,9,24.52932501298081,0,0.0,0,1,0.8888888888888888,6802.0,6802.0,54.0,0
234,thekitchn.com,0,0,0,0.0,0.0,,,,,13,42.1057163358342,0,0.0,0,4,0.38461538461538464,4238.0,4238.0,219.0,0
235,tilestwra.com,0,0,0,0.0,0.0,,,,,13,46.10571633583419,0,0.0,0,3,0.38461538461538464,1512.0,1512.0,78.0,0
236,mangastream.com,0,0,0,0.0,0.0,,,,,15,49.09358392980084,0,0.0,0,3,0.4,3470.0,3470.0,783.0,0
237,iciba.com,0,0,0,0.0,0.0,2.0,2.0,0.0,0.0,9,24.52932501298081,0,0.0,0,3,0.4444444444444444,6937.0,6937.0,795.0,0
238,yahoo.co.jp,0,0,0,0.0,0.0,4.0,2.75,1.299038105676658,0.6661626584779551,11,31.298860302846798,0,0.0,0,3,0.4545454545454545,,,,0
239,infobae.com,0,0,0,0.0,0.0,,,,,11,36.05374780501027,0,0.0,0,3,0.3636363636363637,6254.0,6254.0,427.0,0
240,unblocked.srl,0,0,0,0.0,0.0,,,,,13,46.10571633583419,0,0.0,0,2,0.6923076923076923,755.0,755.0,695.0,0
241,mehrnews.com,0,0,0,0.0,0.0,,,,,12,39.01955000865389,0,0.0,0,2,0.5833333333333334,6040.0,6040.0,211.0,0
242,china.org.cn,0,0,0,0.0,0.0,2.0,2.0,0.0,0.0,12,37.019550008653866,0,0.0,0,3,0.4166666666666667,,,,0
243,mydala.com,0,0,0,0.0,0.0,,,,,10,29.21928094887362,0,0.0,0,3,0.4,3573.0,3573.0,286.0,0
244,time-weekly.com,0,0,0,0.0,0.0,2.0,2.0,0.0,0.0,15,51.84847143196429,0,0.0,0,3,0.4,3874.0,3874.0,236.0,0
245,bongacams.com,0,0,0,0.0,0.0,0.0,0.0,0.0,0.0,13,40.1057163358342,0,0.0,0,3,0.38461538461538464,2672.0,2672.0,480.0,0
246,xuetangx.com,0,0,0,0.0,0.0,2.0,2.0,0.0,0.0,12,41.019550008653866,0,0.0,0,3,0.3333333333333333,2078.0,2078.0,703.0,0
247,upornia.com,0,0,0,0.0,0.0,,,,,11,36.05374780501027,0,0.0,0,4,0.2727272727272727,1920.0,1920.0,124.0,0
248,playstation.com,0,0,0,0.0,0.0,3.0,2.0,0.0,0.25376302211227736,15,52.60335893412777,0,0.0,0,1,0.9333333333333332,8161.0,8161.0,340.0,0
249,hexun.com,0,0,0,0.0,0.0,2.0,6.5,3.5,1.260965252267397,9,28.52932501298081,0,0.0,0,2,0.5555555555555556,5748.0,5748.0,802.0,0
250,elmogaz.com,0,0,0,0.0,0.0,,,,,11,34.05374780501027,0,0.0,0,3,0.3636363636363637,3791.0,3791.0,138.0,0
251,mywatchseries.to,0,0,0,0.0,0.0,,,,,16,58.0,0,0.0,0,4,0.375,,,,0
252,panipuri.com,0,0,0,0.0,0.0,,,,,12,39.01955000865389,0,0.0,0,3,0.3333333333333333,6232.0,6232.0,70.0,0
253,td.com,0,0,0,0.0,0.0,,,,,6,15.509775004326935,0,0.0,0,2,0.5,7705.0,7705.0,897.0,0
254,littlethings.com,0,0,0,0.0,0.0,,,,,16,55.24511249783653,0,0.0,0,3,0.375,6412.0,6412.0,202.0,0
255,4dsply.com,0,0,0,0.0,0.0,,,,,10,33.219280948873624,1,0.1,1,3,0.3,2596.0,2596.0,412.0,0
256,rarbg.to,1,0,0,0.0,0.0,5.0,2.2,0.4,0.2501387989373145,8,22.0,0,0.0,0,3,0.375,,,,0
257,jw.org,0,0,0,0.0,0.0,,,,,6,15.509775004326935,0,0.0,0,2,0.5,7380.0,7380.0,360.0,0
258,kinja.com,0,0,0,0.0,0.0,,,,,9,28.52932501298081,0,0.0,0,2,0.5555555555555556,6205.0,6205.0,173.0,0
259,google.com.cu,0,0,0,0.0,0.0,,,,,13,37.350828833670725,0,0.0,0,2,0.6923076923076923,,,,0
260,vivo.com.cn,0,0,0,0.0,0.0,2.0,2.0,0.0,0.0,11,30.05374780501027,0,0.0,0,3,0.3636363636363637,,,,0
261,siteadvisor.com,0,0,0,0.0,0.0,0.0,0.0,0.0,0.0,15,52.603358934127776,0,0.0,0,2,0.7333333333333333,6532.0,6532.0,327.0,0
262,google.com.pr,0,0,0,0.0,0.0,,,,,13,39.350828833670725,0,0.0,0,2,0.4615384615384616,5959.0,5959.0,147.0,0
263,ikea.com,0,0,0,0.0,0.0,0.0,0.0,0.0,0.0,8,24.0,0,0.0,0,1,0.875,8696.0,8696.0,323.0,0
264,patreon.com,0,0,0,0.0,0.0,3.0,2.0,0.0,1.6321563730934323,11,36.05374780501027,0,0.0,0,4,0.2727272727272727,2274.0,2274.0,200.0,0
265,blocket.se,0,0,0,0.0,0.0,,,,,10,31.21928094887362,0,0.0,0,3,0.5,,,,0
266,woman.ru,0,0,0,0.0,0.0,,,,,8,24.0,0,0.0,0,2,0.625,,,,0
267,mail.com,0,0,0,0.0,0.0,,,,,8,22.0,0,0.0,0,1,0.875,8092.0,8092.0,55.0,0
268,github.com,0,0,0,0.0,0.0,1.0,2.0,0.0,3.365648808392444,10,33.219280948873624,0,0.0,0,3,0.3,4241.0,4241.0,235.0,0
269,idealo.de,0,0,0,0.0,0.0,,,,,9,24.52932501298081,0,0.0,0,2,0.5555555555555556,,,,0
270,globo.com,0,0,0,0.0,0.0,,,,,9,23.774437510817343,0,0.0,0,1,0.8888888888888888,7455.0,7455.0,362.0,0
271,gamefaqs.com,0,0,0,0.0,0.0,,,,,12,39.01955000865389,0,0.0,0,1,0.9166666666666666,8286.0,8286.0,284.0,0
272,alarabiya.net,0,0,0,0.0,0.0,,,,,13,40.1057163358342,0,0.0,0,3,0.5384615384615384,7187.0,7187.0,678.0,0
273,vetogate.com,0,0,0,0.0,0.0,,,,,12,37.01955000865389,0,0.0,0,3,0.3333333333333333,2358.0,2358.0,165.0,0
274,indeed.co.uk,0,0,0,0.0,0.0,,,,,12,37.019550008653866,0,0.0,0,3,0.5,,,,0
275,unicredit.it,0,0,0,0.0,0.0,,,,,12,36.26466250649041,0,0.0,0,2,0.75,,,,0
276,samsung.com.cn,0,0,0,0.0,0.0,2.0,2.0,0.0,0.0,14,43.30296890880647,0,0.0,0,3,0.5,,,,0
277,codepen.io,0,0,0,0.0,0.0,1.0,2.0,0.0,3.0439038876405053,10,29.21928094887362,0,0.0,0,3,0.4,2640.0,2640.0,118.0,0
278,zhihu.com,0,0,0,0.0,0.0,2.0,2.0,0.0,0.0,9,26.52932501298081,0,0.0,0,3,0.3333333333333333,4357.0,4357.0,641.0,0
279,renren.com,0,0,0,0.0,0.0,2.0,2.0,0.0,0.0,10,27.21928094887362,0,0.0,0,3,0.4,7383.0,7383.0,54.0,0
280,focus.de,0,0,0,0.0,0.0,,,,,8,24.0,0,0.0,0,2,0.625,,,,0
281,icourse163.org,0,0,0,0.0,0.0,2.0,2.0,0.0,0.0,14,49.30296890880647,3,0.21428571428571427,1,3,0.42857142857142855,1910.0,1910.0,489.0,0
282,blog.me,0,0,0,0.0,0.0,,,,,7,19.651484454403235,0,0.0,0,2,0.5714285714285714,4038.0,4038.0,46.0,0
283,torrent9.cc,0,0,0,0.0,0.0,,,,,11,32.05374780501027,1,0.09090909090909093,1,2,0.6363636363636364,923.0,923.0,923.0,0
284,tumblr.com,0,0,0,0.0,0.0,1.0,2.0,0.0,8.125,10,31.21928094887362,0,0.0,0,3,0.3,4729.0,4729.0,382.0,0
285,linkedin.com,1,1,0,0.0,0.0,2.0,8.0,1.0,1.0269735049388349,12,39.01955000865389,0,0.0,0,2,0.6666666666666666,6043.0,6043.0,837.0,0
286,mobafire.com,0,0,0,0.0,0.0,,,,,12,39.01955000865389,0,0.0,0,4,0.3333333333333333,3465.0,3465.0,905.0,0
287,dzwww.com,0,0,0,0.0,0.0,2.0,2.0,0.0,0.0,9,23.774437510817343,0,0.0,0,2,0.6666666666666666,6781.0,6781.0,277.0,0
288,qy.net,0,0,0,0.0,0.0,2.0,2.0,0.0,0.0,6,15.509775004326935,0,0.0,0,2,0.5,7510.0,7510.0,497.0,0
289,kuwo.cn,0,0,0,0.0,0.0,2.0,2.0,0.0,0.0,7,19.651484454403235,0,0.0,0,2,0.42857142857142855,,,,0
290,uc.cn,0,0,0,0.0,0.0,2.0,2.0,0.0,0.0,5,9.60964047443681,0,0.0,0,2,0.6,,,,0
291,zone-telechargement.ws,0,0,0,0.0,0.0,,,,,22,82.49785513558372,0,0.0,0,3,0.6363636363636364,1683.0,1683.0,867.0,0
292,miwifi.com,0,0,0,0.0,0.0,2.0,2.0,0.0,0.0,10,26.464393446710147,0,0.0,0,3,0.4,5567.0,5567.0,5567.0,0
293,bootcss.com,0,0,0,0.0,0.0,1.0,11.0,0.0,3.272352790471329,11,29.298860302846798,0,0.0,0,3,0.3636363636363637,2380.0,2380.0,194.0,0
294,asahi.com,4,1,0,1.0,0.0,2.0,2.0,0.0,0.0,9,26.52932501298081,0,0.0,0,2,0.5555555555555556,8696.0,8696.0,298.0,0
295,guancha.cn,4,3,98,0.5,1.0,2.0,6.0,3.0,0.8045199744778879,10,27.21928094887362,0,0.0,0,3,0.4,,,,0
296,lazada.co.th,0,0,0,0.0,0.0,,,,,12,36.26466250649041,0,0.0,0,3,0.3333333333333333,,,,0
297,ibaotu.com,0,0,0,0.0,0.0,5.0,2.0,0.0,0.3055653215694745,10,31.21928094887362,0,0.0,0,3,0.3,794.0,794.0,322.0,0
298,badoo.com,0,0,0,0.0,0.0,,,,,9,23.774437510817343,0,0.0,0,3,0.3333333333333333,5839.0,5839.0,312.0,0
299,qiaobutang.com,0,0,0,0.0,0.0,2.0,2.0,0.0,0.0,14,49.30296890880647,0,0.0,0,4,0.2857142857142857,3904.0,3904.0,395.0,0
300,freejobalert.com,0,0,0,0.0,0.0,,,,,16,55.24511249783653,0,0.0,0,4,0.3125,3350.0,3350.0,1489.0,0
301,daikynguyenvn.com,0,0,0,0.0,0.0,,,,,17,62.731980799092334,0,0.0,0,5,0.35294117647058826,1661.0,1661.0,1031.0,0
302,iobit.com,2,1,0,1.0,0.0,2.0,5.5,0.5,0.5192020803295456,9,24.52932501298081,0,0.0,0,3,0.4444444444444444,5129.0,5129.0,460.0,0
303,paypal.com,0,0,0,0.0,0.0,2.0,4.5,1.5,0.5581610057070054,10,29.21928094887362,0,0.0,0,1,0.9,7250.0,7250.0,73.0,0
304,redocn.com,0,0,0,0.0,0.0,3.0,3.0,0.8164965809277259,0.6141447204273643,10,29.21928094887362,0,0.0,0,3,0.3,4957.0,4957.0,1775.0,0
305,google.hr,0,0,0,0.0,0.0,,,,,9,24.52932501298081,0,0.0,0,2,0.6666666666666666,,,,0
306,blogspot.in,0,0,0,0.0,0.0,,,,,11,36.05374780501027,0,0.0,0,2,0.7272727272727273,4373.0,4373.0,80.0,0
307,francetvinfo.fr,0,0,0,0.0,0.0,,,,,15,49.84847143196429,0,0.0,0,4,0.4,0.0,64.0,0.0,0
308,yaplakal.com,0,0,0,0.0,0.0,,,,,12,36.26466250649041,0,0.0,0,3,0.4166666666666667,5486.0,5486.0,77.0,0
309,zongheng.com,0,0,0,0.0,0.0,2.0,4.0,0.0,2.252387613694665,12,37.01955000865389,0,0.0,0,3,0.3333333333333333,5823.0,5823.0,812.0,0
310,news.com.au,0,0,0,0.0,0.0,,,,,11,36.05374780501027,0,0.0,0,3,0.3636363636363637,,,,0
311,intoday.in,0,0,0,0.0,0.0,,,,,10,29.21928094887362,0,0.0,0,3,0.5,5206.0,5206.0,716.0,0
312,apple.com,0,0,0,0.0,0.0,2.0,2.0,0.0,0.0,9,26.52932501298081,0,0.0,0,1,0.8888888888888888,11778.0,11778.0,235.0,0
313,spiceworks.com,0,0,0,0.0,0.0,0.0,0.0,0.0,0.0,14,47.30296890880647,0,0.0,0,3,0.35714285714285715,7753.0,7753.0,88.0,0
314,jobrapido.com,0,0,0,0.0,0.0,,,,,13,43.35082883367073,0,0.0,0,3,0.4615384615384616,4982.0,4982.0,1502.0,0
315,streamcloud.eu,0,0,0,0.0,0.0,,,,,14,49.30296890880647,0,0.0,0,3,0.42857142857142855,,,,0
316,welt.de,0,0,0,0.0,0.0,,,,,7,17.651484454403235,0,0.0,0,2,0.5714285714285714,,,,0
317,39.net,0,0,0,0.0,0.0,2.0,2.0,0.0,0.0,6,15.509775004326935,2,0.3333333333333333,1,1,0.5,8154.0,8154.0,452.0,0
318,chinadaily.com.cn,0,0,0,0.0,0.0,2.0,2.0,0.0,0.0,17,56.73198079909231,0,0.0,0,3,0.5882352941176471,,,,0
319,ups.com,0,0,0,0.0,0.0,0.0,0.0,0.0,0.0,7,19.651484454403235,0,0.0,0,1,0.8571428571428571,9904.0,9904.0,405.0,0
320,sephora.com,0,0,0,0.0,0.0,,,,,11,36.05374780501027,0,0.0,0,2,0.6363636363636364,8273.0,8273.0,239.0,0
321,elfagr.org,0,0,0,0.0,0.0,,,,,10,29.21928094887362,0,0.0,0,3,0.3,5110.0,5110.0,1123.0,0
322,blogger.com,0,0,0,0.0,0.0,,,,,11,34.05374780501027,0,0.0,0,2,0.6363636363636364,7272.0,7272.0,364.0,0
323,104.com.tw,0,0,0,0.0,0.0,,,,,10,31.21928094887362,3,0.3,1,2,0.3,,,,0
324,trulia.com,0,0,0,0.0,0.0,,,,,10,33.219280948873624,0,0.0,0,2,0.6,5005.0,5005.0,621.0,0
325,blackboard.com,0,0,0,0.0,0.0,,,,,14,45.30296890880647,0,0.0,0,2,0.7142857142857143,7346.0,7346.0,389.0,0
326,coursera.org,0,0,0,0.0,0.0,3.0,4.0,0.8164965809277259,0.42854141464596535,12,36.26466250649041,0,0.0,0,3,0.5,2685.0,2685.0,2443.0,0
327,deviantart.com,0,0,0,0.0,0.0,0.0,0.0,0.0,0.0,14,49.30296890880647,0,0.0,0,2,0.7142857142857143,6964.0,6964.0,317.0,0
328,thoughtco.com,0,0,0,0.0,0.0,,,,,13,37.350828833670725,0,0.0,0,2,0.5384615384615384,2315.0,2315.0,546.0,0
329,ieee.org,4,5,0,1.0,1.0,4.0,4.0,1.224744871391589,0.3523431843780208,8,19.24511249783653,0,0.0,0,2,0.5,10762.0,10762.0,490.0,0
330,protect-your-privacy.net,0,0,0,0.0,0.0,0.0,0.0,0.0,0.0,24,88.52932501298085,0,0.0,0,4,0.2916666666666667,1035.0,1035.0,304.0,0
331,baixaki.com.br,0,0,0,0.0,0.0,,,,,14,45.30296890880647,0,0.0,0,4,0.35714285714285715,,,,0
332,mobilemonetize.me,0,0,0,0.0,0.0,,,,,17,52.73198079909231,0,0.0,0,3,0.4705882352941176,845.0,845.0,115.0,0
333,kompas.com,0,0,0,0.0,0.0,,,,,10,29.21928094887362,0,0.0,0,2,0.6,8554.0,8554.0,209.0,0
334,qiniu.com,0,0,0,0.0,0.0,2.0,7.0,2.0,1.7384870950481102,9,26.52932501298081,0,0.0,0,4,0.3333333333333333,5306.0,5306.0,392.0,0
335,sina.com.cn,70,72,178,0.6417066381318416,0.4456150957638155,2.0,2.0,0.0,0.0,11,32.05374780501027,0,0.0,0,1,0.8181818181818182,,,,0
336,tubepornclassic.com,0,0,0,0.0,0.0,,,,,19,71.95573525326465,0,0.0,0,4,0.3684210526315789,3045.0,3045.0,87.0,0
337,agoda.com,0,0,0,0.0,0.0,2.0,5.0,3.0,1.9696969696969695,9,24.52932501298081,0,0.0,0,2,0.5555555555555556,5543.0,5543.0,97.0,0
338,duckduckgo.com,0,0,0,0.0,0.0,1.0,2.0,0.0,3.7527767497325684,14,40.548081406643,0,0.0,0,3,0.35714285714285715,4208.0,4208.0,468.0,0
339,dawn.com,0,0,0,0.0,0.0,2.0,2.0,0.0,0.0,8,24.0,0,0.0,0,2,0.5,8071.0,8071.0,467.0,0
340,rarbg.is,0,0,0,0.0,0.0,,,,,8,22.0,0,0.0,0,3,0.375,,,,0
341,guokr.com,0,0,0,0.0,0.0,2.0,5.5,3.5,2.1221969425458402,9,26.52932501298081,0,0.0,0,3,0.3333333333333333,3333.0,3333.0,532.0,0
342,ele.me,0,0,0,0.0,0.0,1.0,9.0,0.0,3.2120606196042263,6,10.754887502163468,0,0.0,0,2,0.6666666666666666,3959.0,3959.0,116.0,0
343,microsoft.com,0,0,0,0.0,0.0,2.0,2.0,0.0,0.0,13,39.350828833670725,0,0.0,0,1,0.9230769230769232,10246.0,10246.0,1678.0,0
344,hdzog.com,0,0,0,0.0,0.0,,,,,9,26.52932501298081,0,0.0,0,3,0.3333333333333333,1944.0,1944.0,82.0,0
345,buzzfeed.com,0,0,0,0.0,0.0,2.0,2.0,0.0,0.0,12,39.01955000865389,0,0.0,0,3,0.3333333333333333,6130.0,6130.0,317.0,0
346,barstoolsports.com,0,0,0,0.0,0.0,,,,,18,58.30376252379817,0,0.0,0,3,0.4444444444444444,6031.0,6031.0,119.0,0
347,chsi.com.cn,0,0,0,0.0,0.0,3.0,5.0,2.943920288775949,0.8553084896239942,11,31.298860302846798,0,0.0,0,3,0.3636363636363637,,,,0
348,awesomeforyou.club,0,0,0,0.0,0.0,,,,,18,66.30376252379817,0,0.0,0,4,0.3888888888888889,212.0,212.0,85.0,0
349,clixsense.com,0,0,0,0.0,0.0,3.0,2.6666666666666665,0.4714045207910317,1.269274655312883,13,42.1057163358342,0,0.0,0,3,0.38461538461538464,4525.0,4525.0,985.0,0
350,linuxidc.com,0,0,0,0.0,0.0,3.0,2.333333333333333,0.4714045207910317,1.3696356726888634,12,39.019550008653866,0,0.0,0,3,0.4166666666666667,4620.0,4620.0,450.0,0
351,nationalgeographic.com,0,0,0,0.0,0.0,2.0,2.0,0.0,0.0,22,80.5977206056936,0,0.0,0,3,0.4545454545454545,8623.0,8623.0,223.0,0
352,target.com,1,1,0,0.0,0.0,4.0,3.25,1.6393596310754999,0.7057367169249955,10,31.21928094887362,0,0.0,0,2,0.6,8173.0,8173.0,517.0,0
353,csdn.net,0,0,0,0.0,0.0,2.0,2.0,0.0,0.0,8,22.0,0,0.0,0,3,0.375,7375.0,7375.0,69.0,0
354,internetportalne.ws,0,0,0,0.0,0.0,,,,,19,64.44596024893772,0,0.0,0,3,0.42105263157894735,441.0,441.0,76.0,0
355,pof.com,0,0,0,0.0,0.0,,,,,7,17.651484454403235,0,0.0,0,2,0.7142857142857143,7028.0,7028.0,229.0,0
356,google.it,0,0,0,0.0,0.0,,,,,9,24.52932501298081,0,0.0,0,2,0.6666666666666666,,,,0
357,fanserials.tv,0,0,0,0.0,0.0,,,,,13,44.10571633583419,0,0.0,0,3,0.5384615384615384,2062.0,2062.0,290.0,0
358,google.ae,0,0,0,0.0,0.0,,,,,9,22.52932501298081,0,0.0,0,2,0.6666666666666666,,,,0
359,piz7ohhujogi.com,0,0,0,0.0,0.0,,,,,16,55.24511249783653,1,0.0625,1,5,0.25,951.0,951.0,251.0,0
360,yjc.ir,0,0,0,0.0,0.0,,,,,6,15.509775004326935,0,0.0,0,2,0.5,,,,0
361,20minutos.es,0,0,0,0.0,0.0,,,,,12,41.01955000865389,2,0.16666666666666666,1,2,0.5833333333333334,,,,0
362,ftchinese.com,0,0,0,0.0,0.0,2.0,2.0,0.0,0.0,13,44.10571633583421,0,0.0,0,3,0.5384615384615384,,,,0
363,52pk.com,1,5,0,0.0,0.5904362833084089,3.0,4.0,0.8164965809277259,1.2356733225697485,8,24.0,2,0.25,1,2,0.375,5704.0,5704.0,767.0,0
364,mafengwo.cn,0,0,0,0.0,0.0,2.0,2.0,0.0,0.0,11,36.05374780501027,0,0.0,0,4,0.3636363636363637,,,,0
365,gotporn.com,0,0,0,0.0,0.0,,,,,11,33.2988603028468,0,0.0,0,3,0.3636363636363637,7197.0,7197.0,287.0,0
366,quizzstar.com,0,0,0,0.0,0.0,,,,,13,46.10571633583419,0,0.0,0,2,0.5384615384615384,1340.0,1340.0,490.0,0
367,ctrip.com,0,0,0,0.0,0.0,2.0,2.0,0.0,0.0,9,26.52932501298081,0,0.0,0,3,0.4444444444444444,7225.0,7225.0,487.0,0
368,onlinesbi.com,0,0,0,0.0,0.0,,,,,13,42.1057163358342,0,0.0,0,3,0.4615384615384616,6874.0,6874.0,1260.0,0
369,oracle.com,3,3,0,1.0,1.0,3.0,2.6666666666666665,0.9428090415820634,0.4427429124428697,10,29.21928094887362,0,0.0,0,2,0.6,11127.0,11127.0,202.0,0
370,youth.cn,0,0,0,0.0,0.0,2.0,2.0,0.0,0.0,8,24.0,0,0.0,0,2,0.625,,,,0
371,ubuntu.com,0,0,0,0.0,0.0,2.0,2.0,0.0,0.0,10,28.464393446710147,0,0.0,0,2,0.6,5469.0,5469.0,75.0,0
372,orange.fr,0,0,0,0.0,0.0,,,,,9,26.52932501298081,0,0.0,0,1,0.8888888888888888,0.0,147.0,0.0,0
373,51job.com,0,0,0,0.0,0.0,2.0,2.0,0.0,0.0,9,26.52932501298081,2,0.2222222222222222,1,1,0.6666666666666666,7236.0,7236.0,106.0,0
374,dict.cn,0,0,0,0.0,0.0,2.0,2.0,0.0,0.0,7,17.651484454403235,0,0.0,0,2,0.5714285714285714,,,,0
375,hola.com,0,0,0,0.0,0.0,,,,,8,22.0,0,0.0,0,2,0.5,8663.0,8663.0,519.0,0
376,buffer.com,0,0,0,0.0,0.0,0.0,0.0,0.0,0.0,10,31.21928094887362,0,0.0,0,2,0.6,8239.0,8239.0,480.0,0
377,iop.org,0,0,0,0.0,0.0,3.0,3.6666666666666665,1.247219128924647,1.5407246819215257,7,17.651484454403235,0,0.0,0,2,0.42857142857142855,8979.0,8979.0,74.0,0
378,myfitnesspal.com,0,0,0,0.0,0.0,0.0,0.0,0.0,0.0,16,60.0,0,0.0,0,4,0.4375,5298.0,5298.0,1153.0,0
379,spotify.com,3,3,0,0.5793801642856949,0.5793801642856949,2.0,8.0,1.0,1.0585604185995372,11,36.05374780501027,0,0.0,0,4,0.3636363636363637,4775.0,4775.0,423.0,0
380,4chan.org,1,0,0,0.0,0.0,2.0,2.0,0.0,0.0,9,28.52932501298081,1,0.1111111111111111,1,2,0.4444444444444444,5574.0,5574.0,186.0,0
381,savefrom.net,0,0,0,0.0,0.0,2.0,2.0,0.0,2.321428571428572,12,41.01955000865389,0,0.0,0,3,0.3333333333333333,4086.0,4086.0,68.0,0
382,kooora.com,0,0,0,0.0,0.0,2.0,2.0,0.0,2.8646789772569448,10,25.21928094887362,0,0.0,0,2,0.6,6105.0,6105.0,243.0,0
383,anjuke.com,0,0,0,0.0,0.0,1.0,12.0,0.0,3.5241753193973633,10,33.219280948873624,0,0.0,0,3,0.4,4549.0,4549.0,173.0,0
384,codecanyon.net,0,0,0,0.0,0.0,,,,,14,42.548081406643,0,0.0,0,3,0.42857142857142855,3491.0,3491.0,106.0,0
385,hotpepper.jp,0,0,0,0.0,0.0,,,,,12,33.01955000865388,0,0.0,0,3,0.5,,,,0
386,ekantipur.com,0,0,0,0.0,0.0,,,,,13,48.10571633583419,0,0.0,0,3,0.6153846153846154,5162.0,5162.0,396.0,0
387,jianshu.com,0,0,0,0.0,0.0,3.0,2.0,0.0,0.7713537590513132,11,38.05374780501027,0,0.0,0,3,0.3636363636363637,4078.0,4078.0,585.0,0
388,rightmove.co.uk,0,0,0,0.0,0.0,3.0,2.0,0.0,0.479238451470793,15,54.60335893412777,0,0.0,0,1,0.8666666666666667,,,,0
389,zerohedge.com,0,0,0,0.0,0.0,,,,,13,41.350828833670725,0,0.0,0,3,0.38461538461538464,3781.0,3781.0,130.0,0
390,eol.cn,2,2,1,1.0,1.0,2.0,2.0,0.0,0.0,6,15.509775004326935,0,0.0,0,2,0.5,,,,0
391,icims.com,0,0,0,0.0,0.0,,,,,9,22.52932501298081,0,0.0,0,3,0.4444444444444444,7159.0,7159.0,115.0,0
392,sportzwiki.com,0,0,0,0.0,0.0,,,,,14,49.30296890880647,0,0.0,0,3,0.35714285714285715,2270.0,2270.0,43.0,0
393,imagebam.com,2,2,0,0.0,0.0,1.0,9.0,0.0,3.1642865194980496,12,36.26466250649041,0,0.0,0,3,0.4166666666666667,4623.0,4623.0,404.0,0
394,ninisite.com,0,0,0,0.0,0.0,,,,,12,36.26466250649041,0,0.0,0,3,0.3333333333333333,5093.0,5093.0,375.0,0
395,soso.com,5,5,33,0.8277293767706428,0.8277293767706428,2.0,2.0,0.0,0.0,8,17.24511249783653,0,0.0,0,2,0.625,7771.0,7771.0,1848.0,0
396,elconfidencial.com,0,0,0,0.0,0.0,,,,,18,60.30376252379817,0,0.0,0,4,0.4444444444444444,6817.0,6817.0,272.0,0
397,pscp.tv,0,0,0,0.0,0.0,,,,,7,17.651484454403235,0,0.0,0,2,0.5714285714285714,1712.0,1712.0,283.0,0
398,immobilienscout24.de,0,0,0,0.0,0.0,,,,,20,75.68367439558381,2,0.1,1,3,0.5,,,,0
399,sankei.com,0,0,0,0.0,0.0,,,,,10,33.219280948873624,0,0.0,0,2,0.6,8066.0,8066.0,45.0,0
400,microsoftstore.com.cn,0,0,0,0.0,0.0,5.0,2.4,0.4898979485566356,0.3268896169879586,21,69.4837783761905,0,0.0,0,4,0.42857142857142855,,,,0
401,51sole.com,2,2,26,1.0,1.0,3.0,3.333333333333333,0.4714045207910317,1.3927170330857812,10,31.21928094887362,2,0.2,1,2,0.4,4293.0,4293.0,814.0,0
402,idnes.cz,0,0,0,0.0,0.0,,,,,8,24.0,0,0.0,0,3,0.375,,,,0
403,koolearn.com,0,0,0,0.0,0.0,2.0,2.0,0.0,0.0,12,38.26466250649041,0,0.0,0,3,0.4166666666666667,5122.0,5122.0,635.0,0
404,linkshrink.net,0,0,0,0.0,0.0,0.0,0.0,0.0,0.0,14,44.548081406643,0,0.0,0,3,0.42857142857142855,1831.0,1831.0,977.0,0
405,google.iq,0,0,0,0.0,0.0,,,,,9,24.52932501298081,0,0.0,0,2,0.6666666666666666,1520.0,1520.0,508.0,0
406,hujiang.com,0,0,0,0.0,0.0,2.0,5.5,3.5,1.0153250620076864,11,38.05374780501027,0,0.0,0,3,0.4545454545454545,5909.0,5909.0,2944.0,0
407,w3cschool.cn,0,0,0,0.0,0.0,3.0,2.0,0.0,0.7516083392306235,12,36.26466250649041,1,0.08333333333333333,1,4,0.5,,,,0
408,rei.com,0,0,0,0.0,0.0,,,,,7,19.651484454403235,0,0.0,0,2,0.5714285714285714,8468.0,8468.0,71.0,0
409,letras.mus.br,0,0,0,0.0,0.0,,,,,13,42.1057163358342,0,0.0,0,3,0.4615384615384616,,,,0
410,shanbay.com,0,0,0,0.0,0.0,2.0,3.5,1.5,0.2943031853642508,11,36.05374780501027,0,0.0,0,2,0.5454545454545454,3126.0,3126.0,746.0,0
411,investing.com,0,0,0,0.0,0.0,2.0,2.0,0.0,0.0,13,44.10571633583419,0,0.0,0,2,0.6923076923076923,8852.0,8852.0,419.0,0
412,gemius.pl,11,1,0,0.4321284572240839,0.0,2.0,6.0,3.0,1.1955527395628691,9,28.52932501298081,0,0.0,0,4,0.3333333333333333,,,,0
413,funnyjunk.com,0,0,0,0.0,0.0,,,,,13,41.350828833670725,0,0.0,0,3,0.38461538461538464,6504.0,6504.0,84.0,0
414,bhaskar.com,0,0,0,0.0,0.0,,,,,11,36.05374780501027,0,0.0,0,2,0.6363636363636364,7703.0,7703.0,902.0,0
415,chosun.com,0,0,0,0.0,0.0,1.0,2.0,0.0,4.766031238193982,10,29.21928094887362,0,0.0,0,2,0.6,8623.0,8623.0,245.0,0
416,ndtv.com,0,0,0,0.0,0.0,,,,,8,24.0,0,0.0,0,2,0.5,8271.0,8271.0,205.0,0
417,google.com.co,0,0,0,0.0,0.0,,,,,13,34.105716335834195,0,0.0,0,2,0.6923076923076923,5873.0,5873.0,58.0,0
418,pornmd.com,0,0,0,0.0,0.0,,,,,10,29.21928094887362,0,0.0,0,3,0.4,5076.0,5076.0,83.0,0
419,godaddy.com,0,0,0,0.0,0.0,2.0,2.0,0.0,0.0,11,31.298860302846798,0,0.0,0,2,0.6363636363636364,7384.0,7384.0,2178.0,0
420,kizlarsoruyor.com,0,0,0,0.0,0.0,,,,,17,59.977093296928864,0,0.0,0,1,0.9411764705882352,3158.0,3158.0,1139.0,0
421,plex.tv,0,0,0,0.0,0.0,3.0,2.0,0.0,0.4889014892737346,7,19.651484454403235,0,0.0,0,2,0.5714285714285714,3826.0,3826.0,671.0,0
422,doublepimpssl.com,0,0,0,0.0,0.0,,,,,17,59.48686830125578,0,0.0,0,4,0.35294117647058826,784.0,784.0,53.0,0
423,banesconline.com,0,0,0,0.0,0.0,,,,,16,53.24511249783653,0,0.0,0,4,0.375,7320.0,7320.0,1118.0,0
424,qoolquiz.com,0,0,0,0.0,0.0,,,,,12,36.26466250649041,0,0.0,0,3,0.3333333333333333,1110.0,1110.0,379.0,0
425,likemag.com,0,0,0,0.0,0.0,,,,,11,36.05374780501027,0,0.0,0,2,0.5454545454545454,3534.0,3534.0,274.0,0
426,spotscenered.info,0,0,0,0.0,0.0,3.0,2.0,0.0,0.37682584119589774,17,58.73198079909232,0,0.0,0,4,0.29411764705882354,2111.0,2111.0,284.0,0
427,jikexueyuan.com,0,0,0,0.0,0.0,3.0,3.333333333333333,0.9428090415820634,0.5503704569814305,15,54.60335893412777,0,0.0,0,1,0.9333333333333332,1977.0,1977.0,175.0,0
428,perfectgirls.net,0,0,0,0.0,0.0,,,,,16,55.24511249783653,0,0.0,0,3,0.4375,6817.0,6817.0,479.0,0
429,youboy.com,2,2,19,1.0,1.0,4.0,3.0,0.7071067811865476,0.8964875545548765,10,26.464393446710147,0,0.0,0,3,0.3,4906.0,4906.0,1526.0,0
430,dianping.com,10,10,0,0.2775280104064451,0.6762456261857125,2.0,2.0,0.0,0.0,12,39.01955000865389,0,0.0,0,3,0.3333333333333333,5080.0,5080.0,643.0,0
431,qunar.com,0,0,0,0.0,0.0,2.0,2.0,0.0,0.0,9,28.52932501298081,0,0.0,0,2,0.5555555555555556,5124.0,5124.0,1225.0,0
432,fotostrana.ru,0,0,0,0.0,0.0,,,,,13,40.1057163358342,0,0.0,0,3,0.4615384615384616,,,,0
433,lenta.ru,0,0,0,0.0,0.0,,,,,8,24.0,0,0.0,0,2,0.5,,,,0
434,tim.it,0,0,0,0.0,0.0,,,,,6,11.509775004326936,0,0.0,0,2,0.5,,,,0
435,etsy.com,0,0,0,0.0,0.0,,,,,8,24.0,0,0.0,0,2,0.5,5583.0,5583.0,354.0,0
436,vnexpress.net,0,0,0,0.0,0.0,,,,,13,39.350828833670725,0,0.0,0,2,0.6923076923076923,6852.0,6852.0,286.0,0
437,prnt.sc,0,0,0,0.0,0.0,,,,,7,19.651484454403235,0,0.0,0,2,0.5714285714285714,2026.0,2026.0,336.0,0
438,cnblogs.com,0,0,0,0.0,0.0,2.0,2.0,0.0,0.0,11,34.05374780501027,0,0.0,0,2,0.7272727272727273,5669.0,5669.0,939.0,0
439,miui.com,0,0,0,0.0,0.0,2.0,2.0,0.0,0.0,8,20.0,0,0.0,0,2,0.5,6375.0,6375.0,789.0,0
440,tomsguide.com,0,0,0,0.0,0.0,,,,,13,44.10571633583419,0,0.0,0,3,0.38461538461538464,6864.0,6864.0,105.0,0
441,20minutes.fr,0,0,0,0.0,0.0,,,,,12,43.01955000865387,2,0.16666666666666666,1,2,0.5833333333333334,0.0,233.0,0.0,0
442,office.com,0,0,0,0.0,0.0,3.0,4.333333333333333,3.2998316455372216,1.1764706877715303,10,27.21928094887362,0,0.0,0,2,0.6,7336.0,7336.0,62.0,0
443,ranker.com,0,0,0,0.0,0.0,,,,,10,31.21928094887362,0,0.0,0,2,0.6,6981.0,6981.0,74.0,0
444,weibo.com,39,15,120,0.5130740573894291,0.6458413326530875,2.0,2.0,0.0,0.0,9,26.52932501298081,0,0.0,0,3,0.3333333333333333,7366.0,7366.0,1156.0,0
445,eenadu.net,0,0,0,0.0,0.0,,,,,10,26.464393446710147,0,0.0,0,3,0.4,8141.0,8141.0,837.0,0
446,bzw315.com,0,0,0,0.0,0.0,2.0,2.0,0.0,0.0,10,33.219280948873624,3,0.3,1,2,0.3,2518.0,2518.0,371.0,0
447,tutorialspoint.com,0,0,0,0.0,0.0,1.0,2.0,0.0,3.45471102244277,18,63.548875021634714,0,0.0,0,3,0.5,4615.0,4615.0,379.0,0
448,dropbox.com,0,0,0,0.0,0.0,2.0,2.0,0.0,0.0,11,33.2988603028468,0,0.0,0,2,0.6363636363636364,8728.0,8728.0,724.0,0
449,cnki.net,0,0,0,0.0,0.0,2.0,2.0,0.0,0.0,8,22.0,0,0.0,0,2,0.625,7349.0,7349.0,266.0,0
450,fatosdesconhecidos.com.br,0,0,0,0.0,0.0,,,,,25,92.58662974004118,0,0.0,0,1,0.92,,,,0
451,thestartmagazine.com,0,0,0,0.0,0.0,,,,,20,72.92878689342031,0,0.0,0,4,0.4,888.0,888.0,57.0,0
452,jumei.com,0,0,0,0.0,0.0,1.0,11.0,0.0,3.347424786537339,9,26.52932501298081,0,0.0,0,3,0.4444444444444444,4857.0,4857.0,311.0,0
453,dict.cc,0,0,0,0.0,0.0,0.0,0.0,0.0,0.0,7,14.896596952239767,0,0.0,0,2,0.5714285714285714,6197.0,6197.0,48.0,0
454,blockchain.info,0,0,0,0.0,0.0,0.0,0.0,0.0,0.0,15,50.603358934127776,0,0.0,0,3,0.3333333333333333,2774.0,2774.0,246.0,0
455,credit-agricole.fr,0,0,0,0.0,0.0,,,,,18,64.30376252379817,0,0.0,0,3,0.4444444444444444,0.0,31.0,0.0,0
456,secure-surf.net,0,0,0,0.0,0.0,,,,,15,47.84847143196429,0,0.0,0,2,0.4666666666666667,886.0,886.0,534.0,0
457,otvfoco.com.br,0,0,0,0.0,0.0,,,,,14,41.30296890880647,0,0.0,0,4,0.2857142857142857,,,,0
458,yhd.com,0,0,0,0.0,0.0,3.0,3.6666666666666665,1.247219128924647,0.6506458832901058,7,19.651484454403235,0,0.0,0,2,0.5714285714285714,7200.0,7200.0,1817.0,0
459,indianrail.gov.in,0,0,0,0.0,0.0,,,,,17,52.73198079909231,0,0.0,0,4,0.35294117647058826,6045.0,6045.0,201.0,0
460,jb51.net,11,9,12,1.0000000000000002,0.6666666666666666,2.0,5.5,2.5,0.6366155208642554,8,24.0,2,0.25,1,2,0.375,4685.0,4685.0,1723.0,0
461,doc88.com,0,0,0,0.0,0.0,2.0,2.0,0.0,0.0,9,22.52932501298081,2,0.2222222222222222,1,2,0.3333333333333333,4174.0,4174.0,194.0,0
462,zhaopin.com,0,0,0,0.0,0.0,2.0,6.0,3.0,0.9203235342598148,11,36.05374780501027,0,0.0,0,2,0.6363636363636364,7825.0,7825.0,284.0,0
463,deviantart.net,0,0,0,0.0,0.0,0.0,0.0,0.0,0.0,14,42.548081406643,0,0.0,0,2,0.7142857142857143,6964.0,6964.0,317.0,0
464,admaimai.com,0,0,0,0.0,0.0,0.0,0.0,0.0,0.0,12,31.509775004326944,0,0.0,0,3,0.4166666666666667,4272.0,4272.0,699.0,0
465,spectrum.net,0,0,0,0.0,0.0,,,,,12,39.01955000865389,0,0.0,0,2,0.6666666666666666,8693.0,8693.0,390.0,0
466,udacity.com,0,0,0,0.0,0.0,2.0,2.0,0.0,0.0,11,36.05374780501027,0,0.0,0,3,0.3636363636363637,2681.0,2681.0,155.0,0
467,championat.com,0,0,0,0.0,0.0,,,,,14,45.30296890880647,0,0.0,0,3,0.5714285714285714,5047.0,5047.0,1302.0,0
468,bankmellat.ir,0,0,0,0.0,0.0,,,,,13,44.10571633583421,0,0.0,0,3,0.38461538461538464,,,,0
469,teepr.com,0,0,0,0.0,0.0,,,,,9,26.52932501298081,0,0.0,0,3,0.3333333333333333,3174.0,3174.0,1041.0,0
470,idealista.com,0,0,0,0.0,0.0,,,,,13,44.10571633583419,0,0.0,0,2,0.6923076923076923,7212.0,7212.0,1067.0,0
471,fidelity.com,0,0,0,0.0,0.0,,,,,12,41.019550008653866,0,0.0,0,1,0.9166666666666666,8297.0,8297.0,267.0,0
472,cqvip.com,0,0,0,0.0,0.0,2.0,6.0,3.0,1.117892867585227,9,26.52932501298081,0,0.0,0,3,0.3333333333333333,7147.0,7147.0,626.0,0
473,hjenglish.com,0,0,0,0.0,0.0,2.0,5.5,3.5,1.2129889532578249,13,46.10571633583419,0,0.0,0,3,0.5384615384615384,5717.0,5717.0,1025.0,0
474,kissasian.com,0,0,0,0.0,0.0,,,,,13,39.350828833670725,0,0.0,0,3,0.38461538461538464,1523.0,1523.0,61.0,0
475,vidio.com,0,0,0,0.0,0.0,,,,,9,24.52932501298081,0,0.0,0,2,0.5555555555555556,7843.0,7843.0,1741.0,0
476,kalerkantho.com,0,0,0,0.0,0.0,0.0,0.0,0.0,0.0,15,52.603358934127776,0,0.0,0,4,0.3333333333333333,3647.0,3647.0,1141.0,0
477,trackmedia101.com,0,0,0,0.0,0.0,,,,,17,61.48686830125579,3,0.17647058823529413,1,3,0.29411764705882354,404.0,404.0,68.0,0
478,amazon.fr,0,0,0,0.0,0.0,0.0,0.0,0.0,0.0,9,26.52932501298081,0,0.0,0,2,0.6666666666666666,0.0,62.0,0.0,0
479,metropoles.com,0,0,0,0.0,0.0,,,,,14,44.548081406643,0,0.0,0,2,0.6428571428571429,5775.0,5775.0,231.0,0
480,cima4u.tv,0,0,0,0.0,0.0,,,,,9,28.52932501298081,1,0.1111111111111111,1,2,0.4444444444444444,2023.0,2023.0,429.0,0
481,airtel.in,0,0,0,0.0,0.0,,,,,9,26.52932501298081,0,0.0,0,2,0.6666666666666666,5247.0,5247.0,1608.0,0
482,ajel.sa,0,0,0,0.0,0.0,,,,,7,17.651484454403235,0,0.0,0,2,0.5714285714285714,,,,0
483,overstock.com,0,0,0,0.0,0.0,,,,,13,41.350828833670725,0,0.0,0,1,0.9230769230769232,7404.0,7404.0,257.0,0
484,hotmovs.com,0,0,0,0.0,0.0,,,,,11,31.298860302846798,0,0.0,0,3,0.3636363636363637,1406.0,1406.0,340.0,0
485,rajasthan.gov.in,0,0,0,0.0,0.0,,,,,16,55.24511249783653,0,0.0,0,3,0.5625,5833.0,5833.0,735.0,0
486,televisionfanatic.com,0,0,0,0.0,0.0,,,,,21,75.4837783761905,0,0.0,0,3,0.4761904761904762,3378.0,3378.0,52.0,0
487,techradar.com,0,0,0,0.0,0.0,,,,,13,42.1057163358342,0,0.0,0,3,0.38461538461538464,5644.0,5644.0,644.0,0
488,sciencenet.cn,0,0,0,0.0,0.0,1.0,9.0,0.0,3.260650085013284,13,33.84105382934379,0,0.0,0,2,0.7692307692307693,,,,0
489,81.cn,0,0,0,0.0,0.0,4.0,3.0,1.224744871391589,0.1370315198035834,5,11.60964047443681,2,0.4,1,1,0.4,,,,0
490,google.com.ar,0,0,0,0.0,0.0,,,,,13,39.350828833670725,0,0.0,0,2,0.4615384615384616,,,,0
491,slate.com,0,0,0,0.0,0.0,2.0,2.0,0.0,0.0,9,28.52932501298081,0,0.0,0,2,0.5555555555555556,8854.0,8854.0,91.0,0
492,hamariweb.com,0,0,0,0.0,0.0,,,,,13,44.10571633583419,0,0.0,0,3,0.4615384615384616,4753.0,4753.0,524.0,0
493,rt.com,0,0,0,0.0,0.0,,,,,6,15.509775004326935,0,0.0,0,2,0.5,10101.0,10101.0,1701.0,0
494,mozilla.org,2,1,0,1.0,0.0,2.0,2.0,0.0,0.0,11,34.05374780501027,0,0.0,0,2,0.6363636363636364,7786.0,7786.0,149.0,0
495,lolsided.com,0,0,0,0.0,0.0,,,,,12,37.019550008653866,0,0.0,0,3,0.4166666666666667,882.0,882.0,278.0,0
496,smugmug.com,0,0,0,0.0,0.0,0.0,0.0,0.0,0.0,11,29.298860302846798,0,0.0,0,2,0.6363636363636364,6132.0,6132.0,192.0,0
497,so.com,0,0,0,0.0,0.0,2.0,2.0,0.0,0.0,6,13.509775004326935,0,0.0,0,1,0.8333333333333334,7340.0,7340.0,756.0,0
498,126.com,0,0,0,0.0,0.0,2.0,2.0,0.0,0.0,7,19.651484454403235,3,0.42857142857142855,1,1,0.42857142857142855,7752.0,7752.0,116.0,0
499,drive2.ru,0,0,0,0.0,0.0,,,,,9,26.52932501298081,1,0.1111111111111111,1,2,0.5555555555555556,,,,0
500,gyazo.com,0,0,0,0.0,0.0,0.0,0.0,0.0,0.0,9,26.52932501298081,0,0.0,0,3,0.3333333333333333,4280.0,4280.0,323.0,0
501,khabaronline.ir,0,0,0,0.0,0.0,,,,,15,50.603358934127776,0,0.0,0,3,0.4,,,,0
502,doublepimp.com,0,0,0,0.0,0.0,1.0,2.0,0.0,8.125,14,47.30296890880647,0,0.0,0,3,0.42857142857142855,4369.0,4369.0,350.0,0
503,oppo.com,0,0,0,0.0,0.0,2.0,5.5,2.5,2.3118055596704257,8,17.24511249783653,0,0.0,0,2,0.5,7460.0,7460.0,215.0,0
504,people.com.cn,33,89,8,0.5279303756678562,0.4035836092982308,2.0,2.0,0.0,0.0,13,38.1057163358342,0,0.0,0,3,0.4615384615384616,,,,0
505,google.at,0,0,0,0.0,0.0,,,,,9,24.52932501298081,0,0.0,0,2,0.6666666666666666,,,,0
506,digitalocean.com,0,0,0,0.0,0.0,3.0,2.0,0.0,0.5790660241435862,16,56.0,0,0.0,0,3,0.4375,6977.0,6977.0,818.0,0
507,eskimi.com,0,0,0,0.0,0.0,,,,,10,29.21928094887362,0,0.0,0,2,0.5,3752.0,3752.0,137.0,0
508,zdic.net,0,0,0,0.0,0.0,2.0,5.0,1.0,0.2634399326359573,8,24.0,0,0.0,0,3,0.5,5301.0,5301.0,330.0,0
509,amazon.de,0,0,0,0.0,0.0,0.0,0.0,0.0,0.0,9,26.52932501298081,0,0.0,0,2,0.6666666666666666,,,,0
510,juejin.im,0,0,0,0.0,0.0,4.0,2.5,0.5,0.4678317605231233,9,24.52932501298081,0,0.0,0,3,0.4444444444444444,,,,0
